hour, t(sec), P1 (kW), Q1 (kvar), P2 (kW), Q2 (kvar), P3 (kW), Q3 (kvar)
0,60,-1.05715,-0.347531,-0.926998,-0.304436,-0.815285,-0.26781
0,120,-1.05694,-0.347139,-0.956612,-0.314429,-0.792403,-0.260388
0,180,-1.12596,-0.369906,-0.956661,-0.31449,-0.892518,-0.293162
0,240,-1.3362,-0.439082,-0.95663,-0.314518,-1.0658,-0.349938
0,300,-1.39639,-0.459112,-1.01672,-0.334033,-1.34832,-0.442659
0,360,-1.3364,-0.439188,-1.1348,-0.372697,-1.38851,-0.456117
0,420,-1.44829,-0.476009,-1.13489,-0.372896,-1.43875,-0.472421
0,480,-1.54852,-0.50901,-1.13485,-0.372938,-1.54705,-0.507832
0,540,-1.54859,-0.509246,-1.13486,-0.37275,-1.69951,-0.557828
0,600,-3.98366,-1.3051,-1.1338,-0.374518,-1.5631,-0.511311
0,660,-1.77788,-0.584531,-1.07453,-0.353068,-1.73267,-0.568438
0,720,-1.77764,-0.584702,-1.07456,-0.353048,-1.9284,-0.632482
0,780,-1.71748,-0.564828,-1.07446,-0.352992,-1.92854,-0.632641
0,840,-1.71731,-0.564998,-1.07451,-0.352951,-2.05413,-0.673689
0,900,-1.71737,-0.564792,-1.07437,-0.353019,-1.99398,-0.654047
0,960,-1.67719,-0.551826,-1.07449,-0.352883,-2.11032,-0.692179
0,1020,-1.67628,-0.55389,-1.1752,-0.384638,-4.11822,-1.34883
0,1080,-1.67642,-0.552766,-1.17415,-0.384982,-4.11966,-1.34949
0,1140,-1.67647,-0.552656,-1.17411,-0.385032,-4.05414,-1.32812
0,1200,-1.7175,-0.563595,-1.11339,-0.366533,-1.98599,-0.651748
0,1260,-1.71737,-0.564764,-1.11451,-0.366183,-1.98472,-0.65109
0,1320,-1.71736,-0.564789,-1.11452,-0.366174,-1.99777,-0.655358
0,1380,-1.93978,-0.637809,-1.11444,-0.366377,-2.01485,-0.660763
0,1440,-2.12336,-0.698744,-0.996371,-0.327593,-2.26887,-0.743408
0,1500,-2.12379,-0.698642,-1.16618,-0.383143,-2.39326,-0.784591
0,1560,-2.08743,-0.687008,-1.16635,-0.383077,-2.51402,-0.824015
0,1620,-2.08743,-0.686796,-1.16621,-0.383167,-2.44992,-0.803054
0,1680,-2.08742,-0.686823,-1.16624,-0.383161,-2.44989,-0.803037
0,1740,-2.20675,-0.726275,-1.16624,-0.383243,-2.65074,-0.868551
0,1800,-2.20691,-0.726351,-1.22623,-0.402772,-2.7812,-0.911455
0,1860,-2.26612,-0.744855,-1.16594,-0.383446,-2.38618,-0.78241
0,1920,-2.26603,-0.745213,-1.12624,-0.370231,-2.36574,-0.775552
0,1980,-2.25704,-0.742256,-1.12622,-0.37019,-2.36573,-0.775578
0,2040,-2.257,-0.742295,-1.12623,-0.370179,-2.40087,-0.787073
0,2100,-2.25703,-0.742218,-1.1262,-0.370208,-2.36073,-0.773948
0,2160,-2.25703,-0.742191,-1.23032,-0.404309,-2.42086,-0.79382
0,2220,-2.37732,-0.781723,-1.23035,-0.404526,-2.46109,-0.806771
0,2280,-2.37753,-0.781666,-1.23031,-0.404482,-2.46804,-0.809157
0,2340,-2.37751,-0.781718,-1.23037,-0.404471,-2.468,-0.809129
0,2400,-2.36594,-0.777574,-1.23026,-0.404681,-2.38676,-0.782501
0,2460,-2.366,-0.777826,-1.23039,-0.40455,-2.39661,-0.7857
0,2520,-2.366,-0.77777,-1.38443,-0.455138,-2.43676,-0.798959
0,2580,-2.46648,-0.810606,-1.3844,-0.455356,-2.38963,-0.783378
0,2640,-2.61033,-0.857933,-1.38439,-0.455435,-2.39662,-0.785424
0,2700,-2.30557,-0.758259,-1.38454,-0.454895,-2.61546,-0.857384
0,2760,-2.12161,-0.697761,-1.38449,-0.454812,-2.60065,-0.852754
0,2820,-1.98575,-0.653212,-1.3035,-0.42818,-2.60082,-0.852829
0,2880,-1.98559,-0.653098,-1.30345,-0.428282,-2.60092,-0.85283
0,2940,-2.05729,-0.676936,-1.30353,-0.428122,-2.7054,-0.887049
0,3000,-2.18163,-0.717764,-1.46768,-0.482036,-2.9205,-0.957545
0,3060,-2.18174,-0.717501,-1.56786,-0.514964,-2.8361,-0.930135
0,3120,-2.18168,-0.717368,-1.70029,-0.558356,-2.83593,-0.930321
0,3180,-2.18157,-0.717318,-1.70044,-0.558497,-2.77567,-0.910512
0,3240,-2.18152,-0.717377,-1.81085,-0.594508,-2.93425,-0.962673
0,3300,-2.096,-0.689839,-1.81104,-0.594199,-3.17073,-1.04004
0,3360,-2.46842,-0.8119,-1.96479,-0.64538,-3.33795,-1.09432
0,3420,-2.40861,-0.792397,-1.96489,-0.644995,-3.372,-1.10568
0,3480,-2.40859,-0.792116,-2.06512,-0.677912,-3.32167,-1.08945
0,3540,-2.65974,-0.873813,-2.32409,-0.763313,-3.30619,-1.08467
1,0,-2.65973,-0.874266,-2.32458,-0.763229,-3.3955,-1.11377
1,60,-2.6605,-0.872655,-2.19391,-0.721617,-2.24543,-0.737086
1,120,-2.3892,-0.784187,-2.37971,-0.781302,-2.24443,-0.737562
1,180,-2.27041,-0.745011,-2.38,-0.781726,-2.12926,-0.699651
1,240,-2.27058,-0.74421,-2.66459,-0.875179,-1.91424,-0.6297
1,300,-2.26992,-0.745191,-2.57574,-0.845589,-2.28138,-0.74968
1,360,-2.27024,-0.74455,-2.57533,-0.845856,-2.10397,-0.691654
1,420,-2.3865,-0.782403,-2.57546,-0.846214,-1.83303,-0.602715
1,480,-2.2018,-0.722048,-2.69444,-0.884554,-1.83271,-0.603012
1,540,-2.12998,-0.69881,-2.59422,-0.851625,-1.83291,-0.602878
1,600,-1.9694,-0.64644,-2.46149,-0.807796,-1.83304,-0.602899
1,660,-1.85339,-0.607928,-2.46126,-0.808021,-1.66979,-0.549333
1,720,-1.85328,-0.608247,-2.2964,-0.754072,-1.66982,-0.548995
1,780,-1.81327,-0.595286,-2.47802,-0.813017,-1.98844,-0.654029
1,840,-1.90342,-0.62454,-2.47793,-0.813462,-1.92054,-0.631569
1,900,-1.90355,-0.624654,-2.47798,-0.813383,-1.92043,-0.631559
1,960,-1.90327,-0.625318,-2.26295,-0.742724,-2.1114,-0.693728
1,1020,-1.90349,-0.625233,-2.15795,-0.708453,-2.14459,-0.704582
1,1080,-2.08626,-0.684416,-2.47146,-0.811284,-2.11011,-0.693931
1,1140,-2.26034,-0.742031,-2.31703,-0.761062,-2.11016,-0.693229
1,1200,-2.39815,-0.787083,-2.31672,-0.761082,-2.11006,-0.693201
1,1260,-2.55359,-0.838107,-2.31667,-0.761141,-2.10997,-0.693118
1,1320,-2.77588,-0.911065,-2.06761,-0.680006,-2.11013,-0.692487
1,1380,-2.73929,-0.89907,-2.06742,-0.679588,-2.10992,-0.692693
1,1440,-2.77937,-0.912493,-1.86769,-0.61425,-2.11011,-0.692294
1,1500,-2.66361,-0.874012,-2.12885,-0.699923,-2.03675,-0.668694
1,1560,-2.86951,-0.941609,-2.02566,-0.666554,-2.03684,-0.668167
1,1620,-2.76354,-0.906527,-2.25795,-0.742566,-1.85012,-0.607401
1,1680,-2.92012,-0.957824,-2.25799,-0.743011,-1.85013,-0.607078
1,1740,-3.16094,-1.03637,-2.45811,-0.809141,-1.85,-0.606936
1,1800,-3.16125,-1.03659,-2.45824,-0.808977,-1.84982,-0.606929
1,1860,-3.4415,-1.12776,-2.45796,-0.809714,-1.73263,-0.568175
1,1920,-3.62655,-1.18807,-2.45792,-0.809885,-1.64222,-0.538445
1,1980,-3.62684,-1.18828,-2.458,-0.80972,-1.64202,-0.538442
1,2040,-3.56632,-1.16855,-2.45806,-0.809593,-1.64201,-0.538509
1,2100,-3.56613,-1.16906,-2.27659,-0.749933,-1.63428,-0.53551
1,2160,-3.45577,-1.13284,-2.2764,-0.749681,-1.63428,-0.535723
1,2220,-3.63982,-1.19215,-2.60445,-0.857875,-1.63411,-0.536115
1,2280,-3.59959,-1.17924,-2.31378,-0.762574,-1.44381,-0.473212
1,2340,-3.64388,-1.19302,-2.16426,-0.713714,-1.22234,-0.400729
1,2400,-3.74507,-1.22639,-1.98784,-0.655743,-1.14618,-0.375427
1,2460,-3.47695,-1.13904,-1.98789,-0.655015,-1.14593,-0.375775
1,2520,-3.27763,-1.07504,-1.9881,-0.654506,-1.63377,-0.535574
1,2580,-3.29863,-1.08133,-1.87551,-0.618019,-1.52707,-0.500569
1,2640,-3.25974,-1.06892,-1.87563,-0.617705,-1.52691,-0.500686
1,2700,-3.27162,-1.07273,-1.8756,-0.617844,-1.52702,-0.500656
1,2760,-3.28361,-1.07691,-1.97274,-0.649643,-1.69729,-0.556476
1,2820,-3.04293,-0.998249,-1.97286,-0.649241,-1.69732,-0.556768
1,2880,-2.83608,-0.931029,-1.78353,-0.586795,-1.69757,-0.556656
1,2940,-2.5817,-0.847322,-1.55114,-0.510294,-1.50421,-0.493604
1,3000,-2.21763,-0.728284,-1.5514,-0.509858,-1.50413,-0.493856
1,3060,-2.37857,-0.780993,-1.35112,-0.444602,-1.50449,-0.493586
1,3120,-2.3547,-0.773177,-1.35107,-0.444431,-1.50439,-0.493669
1,3180,-2.47297,-0.811947,-1.35103,-0.444549,-1.50442,-0.493602
1,3240,-2.32445,-0.763377,-1.35113,-0.444263,-1.50433,-0.493742
1,3300,-2.32428,-0.763116,-1.45528,-0.478578,-1.50437,-0.493867
1,3360,-2.32415,-0.763187,-1.45541,-0.478618,-1.51742,-0.498068
1,3420,-2.31733,-0.761257,-1.31412,-0.432333,-1.68393,-0.552301
1,3480,-2.13432,-0.700843,-1.31388,-0.432117,-1.57765,-0.517785
1,3540,-2.16352,-0.710429,-1.29183,-0.425055,-1.57768,-0.51762
2,0,-2.16369,-0.710331,-1.42405,-0.468361,-1.55951,-0.511906
2,60,-1.64166,-0.539716,-1.42457,-0.467526,-1.6807,-0.552061
2,120,-1.64118,-0.538784,-1.56349,-0.513825,-1.40555,-0.461828
2,180,-1.96677,-0.645709,-1.56359,-0.514262,-1.40548,-0.461438
2,240,-2.13872,-0.702097,-1.46644,-0.482478,-1.40538,-0.461265
2,300,-2.13901,-0.702238,-1.46644,-0.482303,-1.40523,-0.461313
2,360,-2.13884,-0.702627,-1.46652,-0.482108,-1.61975,-0.531573
2,420,-2.13888,-0.70246,-1.46635,-0.482144,-1.61992,-0.531679
2,480,-2.13888,-0.70246,-1.46635,-0.482144,-1.61992,-0.531679
2,540,-2.1387,-0.702871,-1.46644,-0.481926,-1.80854,-0.593411
2,600,-2.1389,-0.702222,-1.79415,-0.589404,-1.80846,-0.5941
2,660,-1.66524,-0.547545,-1.79493,-0.588772,-1.98613,-0.652528
2,720,-1.80617,-0.593373,-1.965,-0.645132,-2.07675,-0.682209
2,780,-1.80613,-0.593789,-1.86083,-0.610827,-2.24032,-0.735595
2,840,-1.99702,-0.655926,-2.01478,-0.661745,-2.23137,-0.732712
2,900,-2.15778,-0.708699,-2.0148,-0.662002,-2.23124,-0.732427
2,960,-2.15804,-0.708848,-2.01483,-0.661851,-2.2311,-0.732448
2,1020,-2.0336,-0.668091,-2.01494,-0.661609,-2.23108,-0.732621
2,1080,-2.03337,-0.668171,-1.8825,-0.61836,-2.2313,-0.732353
2,1140,-2.03361,-0.667878,-1.99456,-0.655161,-2.14481,-0.704293
2,1200,-2.03372,-0.667511,-1.99465,-0.655475,-1.88183,-0.61809
2,1260,-1.93017,-0.634113,-1.83043,-0.601361,-1.88173,-0.617782
2,1320,-2.09688,-0.688562,-1.84494,-0.606566,-1.88186,-0.617629
2,1380,-2.09702,-0.68906,-1.845,-0.606194,-2.06242,-0.676809
2,1440,-2.21944,-0.728761,-2.02122,-0.6642,-2.06244,-0.677109
2,1500,-1.99693,-0.655666,-2.20311,-0.723466,-2.06226,-0.67749
2,1560,-1.8651,-0.612384,-2.34999,-0.771319,-2.06224,-0.677857
2,1620,-1.981,-0.649843,-2.63438,-0.864761,-1.89875,-0.624604
2,1680,-2.26662,-0.743733,-2.63455,-0.865462,-2.05711,-0.675957
2,1740,-2.10639,-0.691425,-2.83473,-0.929999,-2.21833,-0.72961
2,1800,-2.10593,-0.691312,-2.67991,-0.879783,-2.12852,-0.69962
2,1860,-2.26241,-0.742182,-2.67968,-0.880041,-1.93971,-0.637787
2,1920,-2.34276,-0.768912,-2.50599,-0.823248,-1.93965,-0.637295
2,1980,-2.34328,-0.768463,-2.60619,-0.856203,-1.76192,-0.579346
2,2040,-2.66976,-0.875472,-2.43557,-0.801066,-1.76196,-0.578633
2,2100,-2.67041,-0.875742,-2.43548,-0.800698,-1.76167,-0.578757
2,2160,-2.47948,-0.813092,-2.28119,-0.749938,-1.54516,-0.507813
2,2220,-2.63999,-0.865475,-2.28723,-0.752371,-1.54514,-0.507641
2,2280,-2.64026,-0.865409,-2.28731,-0.752416,-1.44083,-0.473469
2,2340,-2.64024,-0.865487,-2.28739,-0.752402,-1.44075,-0.473418
2,2400,-2.7839,-0.913143,-2.2873,-0.752304,-1.84866,-0.606949
2,2460,-2.82442,-0.925858,-2.287,-0.752428,-1.64739,-0.5411
2,2520,-2.53485,-0.831755,-2.13318,-0.701059,-1.75449,-0.576363
2,2580,-2.53471,-0.831048,-2.13293,-0.701515,-1.57436,-0.517278
2,2640,-2.59484,-0.850448,-2.58047,-0.848278,-1.57402,-0.517615
2,2700,-2.47838,-0.812576,-2.47131,-0.812527,-1.57412,-0.517274
2,2760,-2.56559,-0.841617,-2.14771,-0.706555,-1.57434,-0.516807
2,2820,-2.56597,-0.841646,-2.35577,-0.774571,-1.71848,-0.564492
2,2880,-2.3189,-0.760538,-2.50525,-0.82336,-1.56016,-0.512836
2,2940,-2.41802,-0.79287,-2.33058,-0.766701,-1.39905,-0.459489
2,3000,-2.30093,-0.754422,-2.47528,-0.813659,-1.39868,-0.459846
2,3060,-2.3005,-0.754789,-2.17541,-0.715467,-1.39896,-0.459324
2,3120,-2.24147,-0.735133,-2.36201,-0.77623,-1.39875,-0.459906
2,3180,-2.08495,-0.683813,-2.36229,-0.77642,-1.39887,-0.459782
2,3240,-2.08071,-0.682516,-2.36231,-0.776383,-1.39887,-0.45979
2,3300,-2.24204,-0.73551,-2.24381,-0.737811,-1.399,-0.459513
2,3360,-2.56356,-0.840654,-2.24347,-0.738118,-1.39898,-0.459364
2,3420,-2.56384,-0.841066,-2.24354,-0.737788,-1.52999,-0.502423
2,3480,-2.73844,-0.898157,-2.24337,-0.738017,-1.5301,-0.502352
2,3540,-2.66794,-0.875296,-2.24351,-0.737645,-1.52997,-0.502505
3,0,-2.66784,-0.874927,-2.24345,-0.737928,-1.42288,-0.467336
3,60,-2.77414,-0.910295,-2.24356,-0.737856,-1.61624,-0.530508
3,120,-2.59073,-0.849465,-2.09422,-0.688861,-1.20863,-0.397112
3,180,-2.65544,-0.871072,-2.18371,-0.718086,-1.36065,-0.446964
3,240,-2.83983,-0.931825,-2.18364,-0.7182,-1.57321,-0.516453
3,300,-2.91004,-0.955039,-2.18351,-0.718005,-1.7436,-0.572392
3,360,-2.91001,-0.955441,-1.73643,-0.571284,-1.74388,-0.571993
3,420,-2.94251,-0.965897,-1.73605,-0.571122,-1.71681,-0.563279
3,480,-2.72958,-0.896464,-1.73622,-0.570686,-1.82304,-0.598269
3,540,-2.72913,-0.89699,-1.34648,-0.442793,-2.00603,-0.657613
3,600,-2.60599,-0.856568,-1.2018,-0.395193,-2.00625,-0.657715
3,660,-2.73987,-0.900238,-1.2015,-0.395433,-2.00632,-0.657584
3,720,-2.96284,-0.973675,-1.2015,-0.395402,-2.12163,-0.695145
3,780,-2.96307,-0.9737,-1.20144,-0.395299,-2.12161,-0.695219
3,840,-3.25338,-1.06915,-1.0151,-0.33453,-2.12181,-0.694565
3,900,-3.09248,-1.01584,-1.01486,-0.334156,-1.92786,-0.63163
3,960,-3.07732,-1.01085,-1.16918,-0.384822,-1.98787,-0.651448
3,1020,-3.06712,-1.00761,-1.16935,-0.384923,-1.97798,-0.648067
3,1080,-2.69474,-0.884812,-1.33366,-0.438584,-1.76512,-0.579177
3,1140,-2.7883,-0.915433,-1.33393,-0.439041,-1.59486,-0.523109
3,1200,-2.78824,-0.915642,-1.33405,-0.438961,-1.64992,-0.541099
3,1260,-2.78802,-0.916195,-1.24498,-0.409498,-1.83868,-0.602673
3,1320,-2.85434,-0.937969,-1.35395,-0.445169,-2.02964,-0.665364
3,1380,-2.85449,-0.937583,-1.35385,-0.44536,-1.87727,-0.615531
3,1440,-3.03402,-0.996558,-1.35391,-0.445484,-1.87717,-0.615349
3,1500,-2.70849,-0.890024,-1.59981,-0.525206,-2.06454,-0.677622
3,1560,-2.55435,-0.839142,-1.59996,-0.525631,-1.95851,-0.642826
3,1620,-2.55196,-0.842897,-1.59857,-0.52278,-5.05892,-1.65365
3,1680,-2.55191,-0.842972,-1.59844,-0.522678,-5.22652,-1.70837
3,1740,-2.55183,-0.843119,-1.59838,-0.522569,-5.33804,-1.74467
3,1800,-2.55194,-0.842795,-1.59823,-0.522707,-5.22168,-1.70684
3,1860,-2.55194,-0.842738,-1.77961,-0.581795,-5.25599,-1.7186
3,1920,-2.4334,-0.804209,-1.77988,-0.581578,-5.43932,-1.77817
3,1980,-2.23296,-0.738268,-1.77981,-0.581351,-5.60427,-1.83228
3,2040,-2.17082,-0.717827,-1.87671,-0.613322,-5.64514,-1.84553
3,2100,-2.17098,-0.717505,-1.87666,-0.613519,-5.48119,-1.79235
3,2160,-2.03957,-0.674469,-1.86885,-0.610418,-5.58302,-1.82582
3,2220,-1.97936,-0.654473,-1.86868,-0.610531,-5.58334,-1.82595
3,2280,-1.77721,-0.587465,-2.00115,-0.653169,-5.58329,-1.82722
3,2340,-1.77698,-0.58692,-2.34607,-0.765808,-5.52893,-1.81076
3,2400,-1.77662,-0.587171,-2.24907,-0.734387,-5.5291,-1.81017
3,2460,-1.77684,-0.586926,-2.44856,-0.799184,-5.52867,-1.81101
3,2520,-1.94289,-0.641783,-2.44864,-0.799655,-5.53557,-1.81273
3,2580,-2.08454,-0.688319,-2.3441,-0.766124,-5.37874,-1.76074
3,2640,-1.95456,-0.64521,-2.51796,-0.822173,-5.32458,-1.74431
3,2700,-1.95411,-0.645174,-2.37663,-0.776489,-5.21951,-1.70937
3,2760,-1.77515,-0.586206,-2.53083,-0.826696,-5.21937,-1.70983
3,2820,-1.87602,-0.615809,-2.53315,-0.831379,-1.94823,-0.6407
3,2880,-1.81486,-0.59579,-2.65204,-0.870009,-1.94802,-0.640893
3,2940,-1.74959,-0.574399,-2.6522,-0.87013,-1.94809,-0.640826
3,3000,-1.74964,-0.574206,-2.65219,-0.870309,-1.78172,-0.586202
3,3060,-1.74967,-0.574188,-2.7528,-0.903162,-1.78155,-0.5863
3,3120,-1.74968,-0.573933,-2.65572,-0.871635,-1.60096,-0.526906
3,3180,-1.74974,-0.573931,-2.47391,-0.812388,-1.38439,-0.455483
3,3240,-1.74996,-0.573883,-2.72577,-0.894765,-1.3841,-0.455716
3,3300,-1.74975,-0.574055,-2.83059,-0.928836,-1.5854,-0.521912
3,3360,-2.0652,-0.677658,-2.55082,-0.838087,-1.60586,-0.527766
3,3420,-2.06577,-0.678045,-2.5505,-0.837467,-1.77706,-0.584246
3,3480,-2.3278,-0.763573,-2.55014,-0.838007,-1.77723,-0.584066
3,3540,-2.48449,-0.814567,-2.78255,-0.914436,-1.59557,-0.524676
4,0,-2.52458,-0.82765,-2.78278,-0.914626,-1.48814,-0.489355
4,60,-2.84399,-0.931755,-2.63747,-0.868314,-1.43611,-0.471458
4,120,-2.86186,-0.938087,-2.46073,-0.80981,-1.43574,-0.471347
4,180,-2.72009,-0.892012,-2.41026,-0.792884,-1.43574,-0.471384
4,240,-2.72015,-0.891277,-2.76939,-0.910759,-1.4356,-0.471983
4,300,-2.62027,-0.858861,-2.76996,-0.910831,-1.43562,-0.471825
4,360,-2.52055,-0.827049,-2.3236,-0.764104,-1.52601,-0.500974
4,420,-2.8204,-0.925089,-2.323,-0.76419,-1.52611,-0.501084
4,480,-3.02642,-0.992943,-2.32289,-0.764286,-1.74757,-0.573414
4,540,-3.02684,-0.992797,-2.40921,-0.792446,-1.74749,-0.573719
4,600,-3.02671,-0.992817,-2.40937,-0.79254,-1.74751,-0.57364
4,660,-3.02672,-0.992643,-2.49865,-0.821854,-1.74745,-0.573778
4,720,-3.13318,-1.02762,-2.3864,-0.785256,-1.74754,-0.573496
4,780,-3.29431,-1.08042,-2.28185,-0.751206,-1.74757,-0.573229
4,840,-3.17374,-1.04172,-2.14263,-0.704833,-1.96007,-0.642855
4,900,-2.96638,-0.973746,-2.14249,-0.704512,-1.96026,-0.643235
4,960,-2.96592,-0.973735,-2.25191,-0.740371,-2.14294,-0.703158
4,1020,-2.96584,-0.973653,-2.10271,-0.69154,-2.00388,-0.65738
4,1080,-2.76998,-0.90974,-2.10283,-0.691101,-2.12115,-0.696034
4,1140,-2.76976,-0.909542,-2.10273,-0.691248,-2.12135,-0.696058
4,1200,-2.54759,-0.837121,-2.10294,-0.690691,-2.29186,-0.752224
4,1260,-2.20501,-0.724479,-1.87057,-0.614558,-2.29223,-0.752232
4,1320,-2.40276,-0.789228,-1.87033,-0.614879,-2.29227,-0.752017
4,1380,-2.18526,-0.717859,-1.67029,-0.548791,-2.10559,-0.691066
4,1440,-2.12591,-0.6984,-1.5258,-0.501577,-1.9903,-0.65306
4,1500,-2.5041,-0.822271,-1.5254,-0.502192,-2.10081,-0.688677
4,1560,-2.50488,-0.822647,-1.3109,-0.431547,-1.94818,-0.638536
4,1620,-2.72786,-0.89574,-1.31067,-0.431587,-1.94805,-0.638423
4,1680,-2.72828,-0.895403,-1.31061,-0.431641,-1.73529,-0.568911
4,1740,-2.72813,-0.895922,-1.22171,-0.402269,-1.87953,-0.615912
4,1800,-2.61581,-0.859551,-1.22172,-0.401735,-1.95275,-0.640158
4,1860,-2.73388,-0.898247,-1.03525,-0.340955,-1.8658,-0.611227
4,1920,-2.73426,-0.897844,-1.30346,-0.428859,-1.86543,-0.611804
4,1980,-2.7338,-0.898079,-1.44512,-0.475245,-2.04599,-0.670907
4,2040,-2.73379,-0.897673,-1.46809,-0.48306,-1.87572,-0.61514
4,2100,-2.57277,-0.845362,-1.46837,-0.482667,-2.034,-0.667149
4,2160,-2.57244,-0.84539,-1.4683,-0.482711,-2.1317,-0.699024
4,2220,-2.63272,-0.865022,-1.46815,-0.482835,-2.13182,-0.69901
4,2280,-2.93663,-0.964069,-1.46788,-0.483469,-1.9492,-0.638894
4,2340,-2.76308,-0.907241,-1.62267,-0.533524,-1.94865,-0.639373
4,2400,-2.9042,-0.953204,-1.80422,-0.593503,-1.94869,-0.639404
4,2460,-2.90415,-0.953303,-1.80443,-0.593546,-1.94865,-0.639315
4,2520,-2.77933,-0.912875,-1.80458,-0.593125,-2.11017,-0.692341
4,2580,-2.67694,-0.878842,-1.80446,-0.593244,-2.00001,-0.656401
4,2640,-2.27854,-0.748386,-1.80476,-0.592772,-1.99994,-0.65669
4,2700,-2.38661,-0.783513,-1.95893,-0.643829,-2.00009,-0.656686
4,2760,-2.38667,-0.783622,-1.95907,-0.643805,-2.00002,-0.65664
4,2820,-2.40467,-0.789682,-2.11326,-0.694322,-2.16346,-0.710279
4,2880,-2.3043,-0.756573,-2.11329,-0.69428,-2.05914,-0.676247
4,2940,-2.02387,-0.663908,-2.28808,-0.751543,-1.80823,-0.594475
4,3000,-2.02341,-0.664136,-2.18392,-0.717569,-1.77121,-0.581891
4,3060,-2.12698,-0.697774,-2.42781,-0.797479,-1.87135,-0.615125
4,3120,-2.12702,-0.697546,-2.39256,-0.786382,-1.68086,-0.552383
4,3180,-2.12711,-0.697776,-2.25098,-0.739963,-1.66663,-0.547529
4,3240,-2.30661,-0.756649,-2.23265,-0.734104,-1.66659,-0.547433
4,3300,-2.49778,-0.819123,-2.23246,-0.734366,-1.62956,-0.535109
4,3360,-2.49809,-0.819251,-2.24653,-0.738814,-1.62941,-0.535172
4,3420,-2.55849,-0.838672,-2.42322,-0.79688,-1.62931,-0.535378
4,3480,-2.65792,-0.871004,-2.55399,-0.840017,-1.62923,-0.535361
4,3540,-2.65795,-0.870901,-2.69982,-0.887776,-1.62908,-0.535496
5,0,-2.23308,-0.731984,-2.80088,-0.919921,-1.62894,-0.53596
5,60,-2.0397,-0.668552,-2.80115,-0.919987,-1.46589,-0.482435
5,120,-2.03945,-0.668406,-2.61927,-0.860803,-1.3048,-0.429166
5,180,-2.098,-0.687496,-2.61914,-0.860803,-1.30468,-0.429157
5,240,-2.0982,-0.687285,-2.80926,-0.922966,-1.30451,-0.429456
5,300,-2.21409,-0.72527,-3.12527,-1.02635,-1.41956,-0.467526
5,360,-2.21382,-0.725352,-3.05506,-1.0035,-1.41972,-0.467295
5,420,-2.21374,-0.725746,-2.80644,-0.921645,-1.62109,-0.533331
5,480,-2.23391,-0.732279,-2.80617,-0.921559,-1.71138,-0.563045
5,540,-2.13036,-0.698707,-2.80624,-0.921092,-1.81869,-0.598419
5,600,-2.32575,-0.762595,-2.70875,-0.889627,-1.84501,-0.606788
5,660,-2.08982,-0.686118,-2.534,-0.831475,-1.98346,-0.652245
5,720,-2.08975,-0.685598,-2.5336,-0.831702,-1.89643,-0.623753
5,780,-2.23135,-0.731957,-2.35962,-0.775269,-1.77512,-0.583459
5,840,-2.2317,-0.732243,-2.32512,-0.763801,-1.77493,-0.583405
5,900,-2.33834,-0.766598,-2.32491,-0.764256,-1.50836,-0.495893
5,960,-2.05971,-0.675789,-2.20681,-0.724887,-1.50813,-0.495827
5,1020,-2.0865,-0.684337,-2.31623,-0.760826,-1.50817,-0.496035
5,1080,-2.08629,-0.684526,-2.35544,-0.773607,-1.62542,-0.534429
5,1140,-1.98688,-0.652356,-2.11838,-0.695738,-1.66575,-0.547363
5,1200,-1.98689,-0.652441,-2.11807,-0.695468,-1.79723,-0.590612
5,1260,-1.98674,-0.652783,-1.91828,-0.629976,-1.93892,-0.63669
5,1320,-1.98696,-0.652648,-1.91795,-0.629856,-1.939,-0.63687
5,1380,-1.9099,-0.62735,-1.91791,-0.629916,-1.95411,-0.641761
5,1440,-2.03211,-0.667678,-1.91786,-0.629905,-2.07561,-0.681449
5,1500,-2.03214,-0.667956,-1.77326,-0.582489,-2.13604,-0.700966
5,1560,-2.03218,-0.668241,-1.58352,-0.520273,-2.1895,-0.718141
5,1620,-2.20575,-0.727818,-1.41214,-0.462936,-4.04763,-1.32412
5,1680,-2.36615,-0.780907,-1.61211,-0.528674,-4.26161,-1.39368
5,1740,-2.48474,-0.819367,-1.76105,-0.577788,-4.05905,-1.32765
5,1800,-2.61102,-0.857952,-1.76195,-0.57937,-2.18836,-0.717398
5,1860,-2.61136,-0.857219,-1.76189,-0.579724,-1.78877,-0.586709
5,1920,-2.59351,-0.851693,-1.65002,-0.542906,-1.77647,-0.582429
5,1980,-2.46592,-0.810211,-1.65008,-0.542497,-1.94679,-0.638434
5,2040,-4.75152,-1.55632,-1.64885,-0.544546,-1.94568,-0.635936
5,2100,-4.75184,-1.55712,-1.43983,-0.47537,-1.94573,-0.635575
5,2160,-4.93638,-1.61706,-1.43948,-0.475437,-1.82844,-0.597301
5,2220,-2.71007,-0.890576,-1.4404,-0.473728,-2.03621,-0.667312
5,2280,-2.72198,-0.89456,-1.30125,-0.42817,-2.0364,-0.667139
5,2340,-2.91061,-0.956888,-1.30119,-0.428133,-2.28729,-0.749032
5,2400,-3.11802,-1.0248,-1.30095,-0.428321,-2.34669,-0.768226
5,2460,-3.40099,-1.11833,-1.28895,-0.424393,-2.67311,-0.874374
5,2520,-3.35072,-1.10106,-1.28864,-0.424308,-2.46015,-0.80512
5,2580,-3.49022,-1.14844,-1.13996,-0.37515,-2.97089,-0.971179
5,2640,-3.65171,-1.20277,-1.13977,-0.374835,-3.50793,-1.14589
5,2700,-3.44496,-1.13536,-1.13957,-0.374324,-3.82968,-1.2513
5,2760,-3.44476,-1.13471,-1.13924,-0.374665,-3.69831,-1.20845
5,2820,-3.35851,-1.10509,-1.13905,-0.37503,-3.19855,-1.04563
5,2880,-3.43201,-1.12923,-1.13936,-0.375053,-3.08726,-1.00926
5,2940,-3.6044,-1.18583,-1.13938,-0.37525,-3.08709,-1.00887
5,3000,-3.23961,-1.06606,-1.12053,-0.368408,-3.08685,-1.00964
5,3060,-3.11821,-1.0265,-1.12069,-0.368497,-3.1878,-1.04256
5,3120,-3.11804,-1.02636,-1.12059,-0.368603,-3.20006,-1.04653
5,3180,-3.11807,-1.0258,-1.37475,-0.45202,-3.19976,-1.04717
5,3240,-2.73219,-0.899811,-1.37231,-0.450527,-3.2604,-1.0673
5,3300,-2.7296,-0.8965,-3.51698,-1.1516,-3.58715,-1.17921
5,3360,-2.72945,-0.896373,-3.61778,-1.18453,-3.61121,-1.18728
5,3420,-3.13305,-1.02782,-3.71822,-1.21885,-3.4347,-1.12909
5,3480,-3.13364,-1.03507,-1.57172,-0.51539,-5.17391,-1.68923
5,3540,-3.13458,-1.03306,-1.71247,-0.562217,-4.40514,-1.4398
6,0,-3.00279,-0.989564,-1.90665,-0.625403,-4.22179,-1.38102
6,60,-4.6669,-1.52921,-1.96707,-0.64916,-2.46981,-0.807704
6,120,-4.66681,-1.52944,-2.05242,-0.676995,-2.63309,-0.861276
6,180,-4.56005,-1.49415,-2.05258,-0.676901,-2.42629,-0.794075
6,240,-2.44324,-0.80294,-2.05418,-0.674451,-2.45315,-0.805183
6,300,-2.44354,-0.801755,-2.36376,-0.776223,-2.11664,-0.695596
6,360,-2.44308,-0.802165,-2.36446,-0.776349,-2.23474,-0.734052
6,420,-2.50333,-0.821831,-2.42464,-0.796156,-2.27492,-0.747261
6,480,-2.63375,-0.864689,-2.42455,-0.796336,-2.37533,-0.779978
6,540,-2.63391,-0.86494,-2.30979,-0.758717,-2.39646,-0.786735
6,600,-2.43639,-0.799897,-2.47458,-0.812174,-2.39629,-0.787409
6,660,-2.17254,-0.71279,-2.65184,-0.870203,-2.19559,-0.722047
6,720,-2.17214,-0.712676,-2.5432,-0.834792,-2.10524,-0.692162
6,780,-2.23228,-0.7326,-2.54251,-0.83489,-2.10526,-0.691837
6,840,-2.23255,-0.732526,-2.50219,-0.8217,-2.03494,-0.668841
6,900,-2.48273,-0.814124,-2.50194,-0.822364,-1.92758,-0.633334
6,960,-2.48325,-0.813869,-2.749,-0.903235,-1.76376,-0.580083
6,1020,-2.52334,-0.826536,-3.08168,-1.01216,-1.76343,-0.580457
6,1080,-2.38221,-0.781294,-2.8881,-0.948248,-1.87887,-0.61793
6,1140,-2.12021,-0.695576,-2.74614,-0.901242,-1.83898,-0.60502
6,1200,-2.11991,-0.695557,-2.74595,-0.901169,-1.94948,-0.641257
6,1260,-2.12415,-0.696961,-2.74574,-0.901207,-2.07106,-0.681028
6,1320,-2.18464,-0.716324,-2.95008,-0.968072,-2.07092,-0.68143
6,1380,-2.18456,-0.716194,-3.12057,-1.02379,-2.07077,-0.68159
6,1440,-2.12425,-0.696318,-3.12087,-1.02399,-1.92033,-0.632171
6,1500,-2.68683,-0.879915,-3.17569,-1.04366,-1.92031,-0.631469
6,1560,-2.50838,-0.82124,-3.17598,-1.04336,-1.75535,-0.577647
6,1620,-2.74324,-0.901044,-3.05195,-1.00156,-2.86211,-0.939652
6,1680,-4.29113,-1.40465,-3.18929,-1.04958,-2.77604,-0.910362
6,1740,-4.24462,-1.38909,-3.43073,-1.1285,-2.77575,-0.910875
6,1800,-4.0922,-1.33995,-3.34335,-1.09958,-2.79601,-0.917339
6,1860,-2.37171,-0.778258,-3.34499,-1.097,-2.69263,-0.885512
6,1920,-2.46885,-0.810201,-3.21476,-1.05484,-2.62761,-0.863696
6,1980,-2.36063,-0.775055,-2.88327,-0.945998,-2.59055,-0.85127
6,2040,-2.65361,-0.871096,-2.77034,-0.909573,-2.63982,-0.866974
6,2100,-2.53221,-0.832021,-2.78246,-0.912572,-2.9481,-0.968313
6,2160,-2.54309,-0.835383,-2.7822,-0.912672,-2.98362,-0.979948
6,2220,-2.5818,-0.851225,-2.63557,-0.862513,-5.79266,-1.89774
6,2280,-2.62194,-0.864631,-2.43559,-0.797444,-5.79305,-1.89706
6,2340,-2.71351,-0.895148,-2.24845,-0.736425,-5.9177,-1.93686
6,2400,-2.87959,-0.949773,-2.24796,-0.736481,-6.03584,-1.97507
6,2460,-3.01164,-0.992984,-2.31288,-0.757946,-6.01534,-1.96835
6,2520,-2.95148,-0.97324,-2.54528,-0.833807,-6.05559,-1.98197
6,2580,-2.95947,-0.975579,-2.54532,-0.834076,-5.9545,-1.94899
6,2640,-2.95924,-0.976515,-2.4197,-0.792931,-6.13998,-2.00849
6,2700,-2.95959,-0.976273,-2.37912,-0.779755,-6.04906,-1.97891
6,2760,-2.85321,-0.941197,-2.39925,-0.786115,-6.01664,-1.96871
6,2820,-3.02438,-0.997536,-2.39921,-0.786375,-6.01659,-1.96839
6,2880,-3.24723,-1.0709,-2.25987,-0.741183,-5.92061,-1.93626
6,2940,-3.28777,-1.08413,-2.31911,-0.760441,-5.92028,-1.93632
6,3000,-11.3778,-3.70235,-2.16818,-0.722046,-5.99991,-1.9439
6,3060,-11.4516,-3.72777,-1.91452,-0.637492,-6.063,-1.96328
6,3120,-11.5569,-3.76191,-2.12814,-0.708238,-6.19595,-2.00698
6,3180,-3.30626,-1.09176,-2.20369,-0.721876,-6.55637,-2.14274
6,3240,-3.20434,-1.05808,-2.22866,-0.730216,-6.64204,-2.17082
6,3300,-3.34814,-1.11274,-2.27064,-0.740606,-10.2397,-3.33414
6,3360,-3.32145,-1.09883,-5.32702,-1.72753,-10.1989,-3.33883
6,3420,-3.37408,-1.12384,-5.554,-1.79157,-15.8428,-5.16321
6,3480,-3.64903,-1.21048,-7.84605,-2.52666,-15.7223,-5.14383
6,3540,-3.44885,-1.14307,-7.88814,-2.54035,-15.2979,-5.00834
7,0,-3.95678,-1.29798,-7.93144,-2.57513,-6.78769,-2.23979
7,60,-4.15863,-1.36849,-5.76202,-1.87483,-6.93236,-2.27567
7,120,-3.71108,-1.22243,-5.76303,-1.87185,-7.08747,-2.32821
7,180,-3.89675,-1.28344,-5.70727,-1.85501,-7.2762,-2.38857
7,240,-3.74024,-1.23194,-5.47405,-1.77894,-7.18533,-2.35845
7,300,-5.73619,-1.88381,-5.42826,-1.77337,-7.34254,-2.40331
7,360,-5.75848,-1.89109,-5.4887,-1.79308,-7.34225,-2.40334
7,420,-8.88383,-2.97334,-5.61243,-1.8146,-18.3052,-5.89401
7,480,-6.92591,-2.32271,-5.58962,-1.79863,-18.3195,-5.91418
7,540,-7.32627,-2.4555,-5.62886,-1.81372,-18.2464,-5.88813
7,600,-16.354,-5.3177,-5.61229,-1.86965,-7.51579,-2.42068
7,660,-16.3226,-5.30817,-5.7443,-1.91158,-7.51415,-2.4215
7,720,-16.3441,-5.3128,-5.91067,-1.96782,-7.55416,-2.43514
7,780,-9.69752,-3.17772,-5.91081,-1.94197,-7.29984,-2.3786
7,840,-9.51075,-3.11736,-5.82626,-1.91381,-7.30083,-2.37901
7,900,-9.84392,-3.20715,-5.87079,-1.93716,-4.51676,-1.47693
7,960,-7.51552,-2.46525,-3.05919,-1.00947,-4.74587,-1.54773
7,1020,-7.61127,-2.49727,-3.12882,-1.03231,-4.91344,-1.60191
7,1080,-7.58191,-2.48841,-2.97024,-0.979923,-4.99549,-1.6283
7,1140,-10.5025,-3.43713,-2.98613,-0.990357,-4.90797,-1.59371
7,1200,-14.7404,-4.82221,-2.99997,-0.997829,-4.90717,-1.59105
7,1260,-14.7536,-4.82469,-3.36001,-1.11627,-4.94682,-1.60551
7,1320,-12.579,-4.08169,-13.4398,-4.39229,-4.81644,-1.59895
7,1380,-10.1898,-3.30097,-13.5438,-4.42339,-4.5877,-1.52413
7,1440,-10.106,-3.27403,-13.5644,-4.4296,-4.69615,-1.56003
7,1500,-10.2611,-3.41842,-3.52748,-1.15096,-15.4292,-4.95903
7,1560,-10.2607,-3.41901,-3.4741,-1.13358,-15.6524,-5.02955
7,1620,-6.80765,-2.24232,-13.7326,-4.34864,-14.6943,-4.8564
7,1680,-6.98957,-2.26836,-13.9742,-4.4991,-4.03822,-1.34957
7,1740,-6.77906,-2.20014,-14.182,-4.56437,-4.11895,-1.37692
7,1800,-6.76266,-2.2194,-4.08702,-1.34369,-4.40009,-1.44155
7,1860,-6.27045,-2.05608,-5.51999,-1.81025,-4.42813,-1.45536
7,1920,-6.27205,-2.05651,-5.46677,-1.79381,-4.2975,-1.41178
7,1980,-6.11936,-2.00541,-5.6533,-1.8547,-4.03428,-1.32654
7,2040,-6.17967,-2.02776,-4.24461,-1.39478,-4.07275,-1.33554
7,2100,-6.19034,-2.03036,-4.09227,-1.34515,-3.87838,-1.27219
7,2160,-6.20233,-2.03467,-4.19305,-1.37768,-4.02507,-1.32043
7,2220,-5.83715,-1.91531,-4.2795,-1.40465,-4.02521,-1.32152
7,2280,-5.99253,-1.96716,-4.39359,-1.44189,-4.36406,-1.43204
7,2340,-6.20119,-2.03027,-6.74149,-2.20474,-4.19393,-1.38245
7,2400,-5.99772,-1.96064,-8.83741,-2.89032,-3.7592,-1.24265
7,2460,-5.80793,-1.9003,-8.54033,-2.79205,-3.874,-1.27978
7,2520,-8.0182,-2.62403,-5.73018,-1.88743,-3.93537,-1.2889
7,2580,-8.16486,-2.67282,-5.6097,-1.84779,-4.02808,-1.31864
7,2640,-7.90367,-2.56125,-15.8505,-5.11635,-4.23363,-1.41321
7,2700,-5.62592,-1.83369,-16.0029,-5.13211,-6.34099,-2.11857
7,2760,-5.84912,-1.90496,-16.0119,-5.13835,-6.02945,-2.01484
7,2820,-6.2214,-2.04682,-5.72971,-1.87708,-6.29237,-2.06077
7,2880,-6.46492,-2.12032,-5.83219,-1.91498,-4.2973,-1.41058
7,2940,-6.35874,-2.09685,-5.80391,-1.89764,-9.03128,-2.9526
7,3000,-4.09421,-1.35324,-5.73235,-1.87149,-9.17931,-3.00308
7,3060,-7.35527,-2.42301,-5.58706,-1.83448,-9.20734,-2.99844
7,3120,-7.48398,-2.47275,-5.73247,-1.87936,-10.8992,-3.54312
7,3180,-7.60607,-2.51391,-5.56731,-1.82569,-10.9612,-3.56124
7,3240,-7.64747,-2.51872,-7.60787,-2.49122,-10.7628,-3.51091
7,3300,-7.8081,-2.56269,-7.85985,-2.57839,-9.09632,-2.97258
7,3360,-7.9381,-2.60011,-9.39048,-3.07737,-8.9503,-2.93169
7,3420,-7.83635,-2.61715,-7.45785,-2.42632,-18.2752,-5.9081
7,3480,-7.81119,-2.61557,-7.51102,-2.4387,-20.4217,-6.59534
7,3540,-7.91535,-2.65298,-6.10551,-1.98645,-20.2537,-6.52754
8,0,-8.08281,-2.66521,-5.93398,-1.94801,-10.6802,-3.47318
8,60,-9.9578,-3.28444,-6.0206,-1.97865,-12.8231,-4.15328
8,120,-10.1085,-3.33194,-6.15597,-2.02393,-12.6995,-4.1136
8,180,-7.97287,-2.63688,-6.06814,-1.98806,-12.8016,-4.15677
8,240,-7.75221,-2.54698,-9.52377,-3.1096,-11.0433,-3.61175
8,300,-15.3543,-4.99783,-9.46381,-3.12905,-11.2009,-3.62712
8,360,-23.8172,-7.77541,-9.33184,-3.08996,-13.0213,-4.19914
8,420,-23.768,-7.76269,-7.61021,-2.52391,-12.9314,-4.16633
8,480,-15.9587,-5.24439,-7.81635,-2.554,-12.96,-4.21864
8,540,-7.83591,-2.57288,-8.36764,-2.73175,-9.86637,-3.22802
8,600,-7.78777,-2.54623,-8.78783,-2.87371,-8.07,-2.64756
8,660,-4.87752,-1.60158,-8.75303,-2.84481,-8.39629,-2.76422
8,720,-5.36887,-1.76155,-8.76665,-2.85253,-8.33502,-2.74255
8,780,-15.2251,-4.88326,-9.81925,-3.27406,-8.31575,-2.7055
8,840,-15.6198,-5.01144,-9.56408,-3.19213,-8.46751,-2.75263
8,900,-16.1809,-5.20721,-9.25712,-3.08774,-11.2736,-3.65635
8,960,-5.68304,-1.86897,-9.30933,-3.0201,-11.5477,-3.79317
8,1020,-13.9009,-4.5051,-9.27992,-3.06294,-11.3902,-3.70466
8,1080,-13.5454,-4.37619,-9.18184,-3.03604,-9.35063,-3.04627
8,1140,-13.2009,-4.27056,-8.33897,-2.75796,-9.37935,-3.0526
8,1200,-5.01021,-1.64573,-8.10621,-2.63475,-9.29971,-3.05702
8,1260,-4.73706,-1.55594,-8.024,-2.60702,-9.33789,-3.07023
8,1320,-4.53488,-1.491,-7.76628,-2.52209,-9.49106,-3.11954
8,1380,-6.58517,-2.1689,-7.80105,-2.53633,-11.272,-3.69183
8,1440,-6.97954,-2.30618,-4.93285,-1.61349,-11.1879,-3.64438
8,1500,-7.03049,-2.32255,-4.98837,-1.6316,-11.1789,-3.64183
8,1560,-6.92808,-2.28451,-5.07481,-1.66132,-9.8046,-3.19864
8,1620,-7.02486,-2.30756,-5.61239,-1.84143,-7.67764,-2.5114
8,1680,-7.38377,-2.42394,-5.65255,-1.85614,-7.55435,-2.47047
8,1740,-7.45881,-2.44849,-5.4962,-1.8055,-7.49666,-2.45083
8,1800,-7.61496,-2.46214,-15.861,-5.11033,-7.32499,-2.43609
8,1860,-7.23284,-2.34294,-15.3477,-4.94152,-7.13357,-2.37155
8,1920,-7.23164,-2.34286,-15.5234,-4.99558,-7.2668,-2.41795
8,1980,-7.35608,-2.41423,-5.74365,-1.88688,-7.25608,-2.37318
8,2040,-7.85518,-2.5563,-14.2062,-4.63076,-7.11933,-2.35603
8,2100,-10.0014,-3.23485,-13.8005,-4.52691,-4.25968,-1.40872
8,2160,-10.3631,-3.35073,-13.9958,-4.59212,-4.44989,-1.47106
8,2220,-10.6005,-3.45645,-5.28128,-1.74929,-4.43913,-1.44837
8,2280,-8.46607,-2.76838,-5.20042,-1.71546,-4.4822,-1.46658
8,2340,-8.56508,-2.80168,-5.20758,-1.71742,-4.64354,-1.51922
8,2400,-9.0633,-2.94994,-8.26745,-2.71854,-4.44598,-1.46278
8,2460,-8.96091,-2.91989,-8.10208,-2.66259,-4.85912,-1.59743
8,2520,-8.84122,-2.87092,-10.619,-3.47514,-4.85572,-1.60462
8,2580,-8.67233,-2.81594,-10.6767,-3.4931,-4.76018,-1.57369
8,2640,-6.6951,-2.17525,-10.7267,-3.50001,-4.6444,-1.53884
8,2700,-6.47618,-2.09805,-12.8297,-4.17824,-4.60624,-1.53279
8,2760,-6.0173,-1.94933,-12.8783,-4.19154,-4.24603,-1.4141
8,2820,-6.00373,-1.95488,-12.8519,-4.16761,-6.84278,-2.27287
8,2880,-5.96688,-1.94893,-10.7896,-3.50357,-6.89963,-2.282
8,2940,-6.14415,-2.01235,-10.8562,-3.51733,-8.60939,-2.84358
8,3000,-6.04462,-1.97915,-10.8597,-3.51879,-8.37703,-2.76778
8,3060,-5.8529,-1.92283,-10.6899,-3.45509,-10.3174,-3.40155
8,3120,-5.4688,-1.79088,-10.7019,-3.46544,-8.79244,-2.90348
8,3180,-5.46815,-1.79311,-10.1949,-3.30122,-8.86809,-2.92567
8,3240,-5.36785,-1.75514,-9.95537,-3.23165,-6.77683,-2.23938
8,3300,-4.91331,-1.60649,-9.91088,-3.21522,-6.60646,-2.18463
8,3360,-4.93017,-1.61072,-10.2879,-3.33741,-6.6054,-2.18605
8,3420,-4.92829,-1.60804,-12.1474,-3.93925,-6.60272,-2.19013
8,3480,-6.59345,-2.14224,-12.1245,-3.94969,-6.40638,-2.12071
8,3540,-6.59364,-2.1424,-12.0837,-3.9365,-6.39624,-2.11725
9,0,-6.59924,-2.1532,-9.71489,-3.1752,-6.56583,-2.16281
9,60,-4.63593,-1.52003,-11.0356,-3.57839,-8.44162,-2.79106
9,120,-4.44463,-1.4579,-11.0508,-3.58122,-8.51735,-2.81682
9,180,-6.56426,-2.13432,-11.0497,-3.61046,-6.20329,-2.05026
9,240,-6.51668,-2.11277,-10.878,-3.56175,-4.16162,-1.37871
9,300,-8.41784,-2.71858,-12.832,-4.20868,-4.2654,-1.41433
9,360,-6.10135,-2.00919,-14.9946,-4.81311,-14.9264,-4.92293
9,420,-5.98396,-1.96899,-15.1816,-4.8725,-14.8178,-4.88964
9,480,-5.88341,-1.93829,-15.0708,-4.83991,-14.841,-4.89317
9,540,-7.92766,-2.56168,-12.5967,-4.13181,-3.9602,-1.31269
9,600,-7.91834,-2.55345,-15.6366,-5.10192,-5.01583,-1.67066
9,660,-7.30862,-2.3614,-13.9323,-4.54702,-4.85663,-1.61481
9,720,-7.31646,-2.37504,-13.9224,-4.53066,-6.8935,-2.28738
9,780,-7.3919,-2.39087,-18.0678,-5.85496,-8.52516,-2.84268
9,840,-6.93142,-2.24153,-18.0724,-5.85354,-8.16042,-2.72349
9,900,-6.93331,-2.22672,-19.8748,-6.44781,-5.93407,-1.98805
9,960,-6.82694,-2.19021,-22.0019,-7.13148,-6.18232,-2.07442
9,1020,-6.82715,-2.18969,-21.9612,-7.11992,-5.98029,-2.00685
9,1080,-6.82908,-2.19494,-20.0117,-6.49317,-6.24984,-2.09131
9,1140,-6.97998,-2.24435,-18.3794,-5.96626,-5.96571,-1.9942
9,1200,-6.96073,-2.23783,-18.4817,-5.99872,-5.9652,-1.99476
9,1260,-6.91617,-2.22302,-18.5685,-6.02614,-5.90476,-1.97501
9,1320,-6.91216,-2.21626,-21.328,-6.90989,-5.9009,-1.98122
9,1380,-6.92458,-2.21991,-21.2236,-6.8781,-5.76352,-1.93453
9,1440,-19.5324,-6.10937,-21.0698,-7.0165,-5.8458,-1.93293
9,1500,-17.8129,-5.57781,-21.2084,-7.03573,-5.848,-1.93821
9,1560,-17.9072,-5.48965,-35.2927,-11.5328,-6.18365,-2.09711
9,1620,-5.19118,-1.63929,-35.3896,-11.2438,-6.09791,-2.09884
9,1680,-6.27815,-1.98597,-37.9008,-12.0059,-5.91636,-2.04349
9,1740,-6.63782,-2.12642,-26.1955,-8.40269,-5.93575,-2.0112
9,1800,-6.78631,-2.19349,-23.0405,-7.41732,-6.05005,-2.04027
9,1860,-5.88469,-1.89954,-21.397,-6.90276,-5.99253,-2.01558
9,1920,-5.88552,-1.89801,-21.5431,-6.95297,-5.5933,-1.88185
9,1980,-5.58797,-1.80159,-19.6863,-6.37178,-3.14853,-1.06104
9,2040,-5.59446,-1.81234,-15.4154,-5.01349,-3.06113,-1.02413
9,2100,-5.97336,-1.93482,-15.4009,-5.01125,-3.06105,-1.02386
9,2160,-5.97624,-1.93825,-13.431,-4.37699,-2.7697,-0.924142
9,2220,-6.10921,-1.9813,-13.4305,-4.37745,-2.76967,-0.924078
9,2280,-6.11258,-1.98665,-10.6272,-3.46975,-2.60709,-0.866676
9,2340,-6.14299,-1.99577,-10.756,-3.51182,-2.78424,-0.925671
9,2400,-6.04701,-1.9605,-12.9126,-4.20551,-2.96872,-0.9909
9,2460,-6.28065,-2.03258,-14.4258,-4.69885,-2.90549,-0.971049
9,2520,-6.34067,-2.05287,-14.3387,-4.66981,-3.09868,-1.03544
9,2580,-6.37585,-2.08621,-12.2012,-3.95264,-7.99441,-2.64916
9,2640,-6.81155,-2.2343,-10.6915,-3.46264,-9.2678,-3.0591
9,2700,-6.97356,-2.28518,-10.8814,-3.52661,-9.01694,-2.97766
9,2760,-9.11565,-2.97337,-10.8786,-3.54834,-7.74354,-2.55379
9,2820,-9.29294,-3.02886,-11.8027,-3.84634,-8.00152,-2.64276
9,2880,-9.28255,-3.02449,-13.8494,-4.49564,-9.86863,-3.26493
9,2940,-7.14511,-2.33461,-13.8605,-4.47758,-9.87469,-3.27574
9,3000,-7.25654,-2.37255,-12.7922,-4.14003,-9.49681,-3.14509
9,3060,-7.41316,-2.42531,-13.0288,-4.22035,-9.27264,-3.06982
9,3120,-7.5808,-2.48326,-12.4204,-4.02203,-9.73771,-3.21951
9,3180,-7.43345,-2.43542,-12.4343,-4.02452,-9.93225,-3.28415
9,3240,-7.40915,-2.39469,-24.9206,-7.9444,-10.2853,-3.48646
9,3300,-7.30322,-2.35451,-26.9692,-8.57267,-10.11,-3.44266
9,3360,-7.50405,-2.41972,-26.7767,-8.51664,-10.0313,-3.41414
9,3420,-7.29754,-2.39133,-14.3762,-4.63849,-11.7634,-3.89456
9,3480,-7.38793,-2.4265,-12.1009,-3.91524,-11.5903,-3.81974
9,3540,-9.17092,-3.00478,-12.6959,-4.12069,-12.0813,-3.97352
10,0,-7.22385,-2.36959,-11.6573,-3.78056,-10.5972,-3.49145
10,60,-4.53634,-1.49121,-11.6496,-3.75797,-10.7579,-3.5567
10,120,-4.26092,-1.39754,-11.6384,-3.75834,-9.3614,-3.10002
10,180,-3.80927,-1.24483,-11.205,-3.63376,-6.39739,-2.12303
10,240,-3.80919,-1.24494,-11.2053,-3.63383,-6.39727,-2.12294
10,300,-3.8584,-1.25738,-13.2709,-4.29219,-6.33209,-2.1097
10,360,-3.52869,-1.15446,-10.7098,-3.47192,-6.33803,-2.10181
10,420,-5.5676,-1.81701,-10.4986,-3.41796,-6.23359,-2.06077
10,480,-5.51821,-1.80213,-10.6079,-3.45132,-6.52074,-2.15585
10,540,-5.51759,-1.80192,-10.7673,-3.50198,-6.70008,-2.2156
10,600,-3.24328,-1.06422,-10.9643,-3.54306,-8.87673,-2.93913
10,660,-3.45981,-1.13643,-10.8348,-3.50127,-9.30681,-3.07878
10,720,-3.52049,-1.14864,-13.2994,-4.3008,-7.11928,-2.36981
10,780,-3.54133,-1.15509,-13.5186,-4.37204,-7.11871,-2.36998
10,840,-3.54299,-1.15181,-13.461,-4.3622,-5.513,-1.83767
10,900,-3.36042,-1.09654,-11.1526,-3.62106,-5.43451,-1.80413
10,960,-3.55957,-1.15967,-11.0451,-3.59076,-5.01629,-1.66478
10,1020,-3.63631,-1.19265,-11.0476,-3.57215,-7.96332,-2.64107
10,1080,-3.6253,-1.18541,-12.9011,-4.15449,-7.95655,-2.65245
10,1140,-3.63674,-1.18785,-14.8217,-4.77042,-8.17789,-2.73245
10,1200,-3.3086,-1.06542,-26.0489,-8.24003,-8.14936,-2.7805
10,1260,-3.31007,-1.06893,-23.9982,-7.60877,-8.15679,-2.76889
10,1320,-3.31014,-1.06928,-23.9313,-7.58698,-8.32893,-2.82609
10,1380,-5.8338,-1.90482,-12.8174,-4.16001,-8.24924,-2.73249
10,1440,-5.91617,-1.93129,-12.7539,-4.14023,-8.24897,-2.7321
10,1500,-6.01665,-1.96423,-12.7537,-4.1403,-8.24882,-2.73202
10,1560,-6.46524,-2.1256,-8.37352,-2.73658,-8.11899,-2.65701
10,1620,-6.45344,-2.12143,-8.43399,-2.75603,-8.11871,-2.6575
10,1680,-6.67323,-2.19321,-8.53895,-2.79083,-8.23075,-2.69421
10,1740,-6.6734,-2.19418,-8.38036,-2.7391,-8.30841,-2.71863
10,1800,-8.89668,-2.9219,-8.33828,-2.72895,-8.12799,-2.65791
10,1860,-8.75162,-2.87193,-8.43988,-2.76275,-7.60816,-2.4895
10,1920,-8.55424,-2.80881,-8.09411,-2.64912,-7.60843,-2.48878
10,1980,-5.92939,-1.94967,-8.26397,-2.69875,-8.01107,-2.62339
10,2040,-5.9278,-1.9484,-8.54381,-2.79009,-8.01176,-2.62447
10,2100,-5.73569,-1.88594,-8.4497,-2.75844,-8.01214,-2.62494
10,2160,-5.65009,-1.85723,-8.27061,-2.70094,-7.68615,-2.51812
10,2220,-5.4731,-1.77733,-8.84948,-2.90515,-2.25751,-0.746163
10,2280,-7.11735,-2.31287,-8.73927,-2.87138,-4.32355,-1.42206
10,2340,-4.52476,-1.47629,-8.83735,-2.89037,-4.32672,-1.42829
10,2400,-4.68153,-1.5195,-11.929,-3.88402,-4.32115,-1.43727
10,2460,-4.74063,-1.53329,-11.7881,-3.84893,-2.04858,-0.683493
10,2520,-2.93061,-0.950742,-11.795,-3.83783,-2.04961,-0.685577
10,2580,-2.96751,-0.966301,-11.2286,-3.6534,-3.88015,-1.29015
10,2640,-2.8556,-0.946652,-11.48,-3.6863,-14.7386,-4.85141
10,2700,-3.0966,-1.02562,-11.4164,-3.66738,-14.7396,-4.85033
10,2760,-2.90686,-0.961822,-9.52373,-3.06547,-12.879,-4.23306
10,2820,-2.70642,-0.885123,-10.0987,-3.27823,-5.37019,-1.78189
10,2880,-2.75042,-0.900126,-9.98938,-3.24354,-5.37017,-1.78099
10,2940,-2.8669,-0.938005,-9.8094,-3.18628,-5.18843,-1.72047
10,3000,-2.86732,-0.937416,-9.99121,-3.24573,-4.99812,-1.65807
10,3060,-2.7221,-0.892296,-7.42844,-2.41647,-5.00127,-1.65265
10,3120,-2.722,-0.892764,-7.47769,-2.43196,-5.19638,-1.71681
10,3180,-3.02641,-0.992331,-7.25773,-2.36287,-5.35599,-1.76757
10,3240,-3.02718,-0.992457,-7.2582,-2.36282,-5.35581,-1.76776
10,3300,-3.3331,-1.09275,-7.00672,-2.28437,-5.17232,-1.70528
10,3360,-7.87157,-2.56772,-6.84248,-2.25176,-5.32764,-1.74493
10,3420,-7.83103,-2.55529,-6.84251,-2.25103,-5.43141,-1.77892
10,3480,-7.83109,-2.55571,-6.74085,-2.21784,-5.43176,-1.7786
10,3540,-3.77516,-1.23918,-6.41623,-2.09336,-5.6437,-1.8572
11,0,-3.61619,-1.19186,-3.77523,-1.23627,-5.75437,-1.88327
11,60,-3.43503,-1.13166,-3.90031,-1.27632,-5.63357,-1.84541
11,120,-3.84072,-1.26445,-4.28031,-1.40136,-5.63296,-1.84542
11,180,-3.91656,-1.28881,-4.60371,-1.50697,-5.63202,-1.84606
11,240,-4.00216,-1.32063,-4.60383,-1.50461,-6.81305,-2.23033
11,300,-4.15009,-1.36812,-4.5692,-1.49448,-6.69622,-2.19173
11,360,-4.15059,-1.36744,-4.66991,-1.52755,-6.49983,-2.1284
11,420,-4.03795,-1.31891,-6.29991,-2.06824,-1.99822,-0.659104
11,480,-14.9616,-4.80484,-6.2232,-2.07453,-4.05349,-1.3145
11,540,-15.1793,-4.87483,-5.84058,-1.94943,-3.94924,-1.27977
11,600,-14.7743,-4.75187,-5.81489,-1.9377,-4.46235,-1.44684
11,660,-4.28247,-1.40047,-5.78406,-1.89868,-2.41839,-0.796723
11,720,-5.71466,-1.86553,-5.78185,-1.90272,-2.41794,-0.794898
11,780,-5.60577,-1.82934,-5.9831,-1.96877,-2.15936,-0.710302
11,840,-5.92816,-1.93237,-5.93253,-1.95457,-1.81052,-0.595314
11,900,-4.96587,-1.62229,-6.04497,-1.98605,-2.07092,-0.682574
11,960,-9.26835,-3.00671,-6.19632,-2.05256,-1.90814,-0.624929
11,1020,-8.86953,-2.87866,-6.13642,-2.03105,-1.86181,-0.610343
11,1080,-8.86749,-2.87602,-6.78611,-2.24512,-1.97663,-0.648878
11,1140,-8.60501,-2.79224,-6.79967,-2.24846,-1.97673,-0.648935
11,1200,-8.60339,-2.79053,-7.30958,-2.4159,-2.14275,-0.70412
11,1260,-10.8519,-3.51824,-7.31995,-2.42561,-1.95215,-0.640411
11,1320,-10.9932,-3.56357,-7.31968,-2.42614,-1.95213,-0.64025
11,1380,-10.959,-3.55571,-6.70929,-2.2241,-1.95246,-0.639332
11,1440,-10.7427,-3.47978,-8.86682,-2.93178,-2.09945,-0.690173
11,1500,-10.6798,-3.46549,-7.91386,-2.61732,-2.4222,-0.794065
11,1560,-10.7444,-3.48743,-7.98372,-2.63966,-2.73877,-0.898147
11,1620,-10.6237,-3.50295,-5.71909,-1.87829,-10.6447,-3.44511
11,1680,-10.6232,-3.50312,-5.82298,-1.91195,-10.8365,-3.50757
11,1740,-10.6228,-3.50224,-5.91302,-1.94126,-10.8362,-3.5086
11,1800,-10.7753,-3.50393,-5.77891,-1.91477,-2.75061,-0.899325
11,1860,-10.8346,-3.5278,-5.46129,-1.80882,-3.2088,-1.04759
11,1920,-10.9817,-3.57396,-5.52076,-1.82929,-3.10569,-1.01424
11,1980,-10.8,-3.51709,-5.41136,-1.79191,-3.22702,-1.05367
11,2040,-10.7985,-3.51894,-5.41086,-1.79101,-3.63581,-1.18673
11,2100,-14.3438,-4.66277,-6.10346,-2.02701,-3.52308,-1.14824
11,2160,-14.353,-4.66629,-6.10348,-2.02681,-3.56819,-1.16276
11,2220,-12.134,-3.95256,-6.1476,-2.03458,-3.43894,-1.12415
11,2280,-13.2859,-4.31945,-6.14487,-2.03918,-3.43755,-1.12126
11,2340,-13.1099,-4.26181,-6.2642,-2.07814,-3.43732,-1.12178
11,2400,-13.2674,-4.31032,-6.38447,-2.11928,-3.22457,-1.05257
11,2460,-10.6671,-3.4698,-6.38709,-2.11386,-3.5749,-1.16875
11,2520,-10.6474,-3.48158,-6.39086,-2.10821,-6.68183,-2.17639
11,2580,-10.639,-3.46479,-9.34567,-3.07437,-6.50853,-2.13298
11,2640,-10.631,-3.47598,-9.51316,-3.11955,-8.74084,-2.85907
11,2700,-10.672,-3.48849,-9.50898,-3.11882,-8.69321,-2.84371
11,2760,-10.7278,-3.51335,-10.1176,-3.30926,-10.133,-3.31399
11,2820,-10.7275,-3.51134,-10.1179,-3.31076,-9.91447,-3.24314
11,2880,-10.1831,-3.33634,-10.1315,-3.31101,-10.1411,-3.31871
11,2940,-10.1742,-3.32699,-9.46715,-3.10283,-8.68129,-2.84107
11,3000,-10.1363,-3.32333,-9.80056,-3.20338,-10.9662,-3.58704
11,3060,-10.3048,-3.36785,-9.83469,-3.22269,-8.55614,-2.80235
11,3120,-12.2594,-4.0024,-9.76907,-3.20975,-8.55548,-2.79667
11,3180,-12.2598,-4.00399,-9.59015,-3.15125,-8.6041,-2.81121
11,3240,-12.539,-4.11759,-9.5593,-3.12909,-11.8329,-3.85022
11,3300,-12.5372,-4.115,-9.7391,-3.18814,-11.7013,-3.80901
11,3360,-12.9819,-4.25875,-9.91798,-3.2492,-11.8318,-3.84938
11,3420,-12.8588,-4.22075,-9.61855,-3.15082,-11.8326,-3.84769
11,3480,-12.8586,-4.21282,-10.4423,-3.42023,-11.4421,-3.72895
11,3540,-12.7265,-4.18585,-10.5795,-3.45524,-13.2649,-4.31476
12,0,-12.7264,-4.18474,-10.6813,-3.48853,-13.2025,-4.29566
12,60,-12.9646,-4.22157,-9.83374,-3.24115,-7.22037,-2.35705
12,120,-12.6587,-4.0695,-12.368,-4.09238,-2.17835,-0.720343
12,180,-12.7939,-4.127,-9.59514,-3.18484,-2.18039,-0.71624
12,240,-15.1634,-4.87488,-9.58609,-3.19731,-2.33977,-0.765983
12,300,-12.9869,-4.17965,-11.5239,-3.81577,-2.48919,-0.821753
12,360,-12.954,-4.17037,-11.3041,-3.74374,-2.4896,-0.821178
12,420,-13.5118,-4.34296,-10.9251,-3.6199,-2.83722,-0.936357
12,480,-16.6593,-5.34954,-11.1254,-3.69902,-3.12234,-1.02721
12,540,-16.6504,-5.36056,-11.4697,-3.80321,-5.00518,-1.64373
12,600,-17.8385,-5.74551,-9.38756,-3.13212,-4.67699,-1.5276
12,660,-17.9764,-5.80761,-6.208,-2.08275,-4.33139,-1.40538
12,720,-17.9232,-5.77177,-6.21668,-2.09036,-2.28225,-0.742184
12,780,-18.1124,-5.82982,-6.21679,-2.09162,-1.97266,-0.641501
12,840,-18.0339,-5.80529,-6.21724,-2.09113,-1.97234,-0.641515
12,900,-18.2165,-5.86823,-5.76805,-1.94149,-1.97288,-0.640457
12,960,-18.026,-5.80776,-5.82818,-1.96029,-1.97254,-0.641161
12,1020,-18.1116,-5.9057,-5.75679,-1.92014,-10.5953,-3.41672
12,1080,-17.6065,-5.74519,-5.65671,-1.88449,-10.5968,-3.41873
12,1140,-13.2275,-4.30799,-10.2322,-3.36809,-10.5969,-3.45708
12,1200,-13.2516,-4.26546,-10.2306,-3.39665,-1.97328,-0.649663
12,1260,-13.2361,-4.26272,-10.2021,-3.38604,-1.97309,-0.649641
12,1320,-13.2727,-4.28415,-8.30917,-2.76326,-1.80458,-0.591777
12,1380,-10.1206,-3.28385,-8.35918,-2.76017,-1.91228,-0.630057
12,1440,-10.1306,-3.28566,-8.5092,-2.81026,-1.75145,-0.577277
12,1500,-10.3287,-3.35076,-8.23714,-2.72153,-1.85647,-0.611153
12,1560,-10.5697,-3.42758,-8.23628,-2.72275,-1.73951,-0.572649
12,1620,-10.3993,-3.37146,-8.23682,-2.72297,-1.54924,-0.510335
12,1680,-7.39797,-2.40256,-8.24244,-2.71415,-1.54996,-0.511863
12,1740,-7.56565,-2.46732,-5.35639,-1.76781,-1.66178,-0.545063
12,1800,-7.56567,-2.46783,-5.35613,-1.76735,-1.82479,-0.598637
12,1860,-7.87122,-2.56716,-5.20527,-1.71887,-1.82509,-0.598054
12,1920,-10.2177,-3.32337,-5.20133,-1.72265,-2.34751,-0.766668
12,1980,-9.93118,-3.23357,-4.89169,-1.61904,-2.54104,-0.828972
12,2040,-9.93088,-3.23534,-4.70906,-1.55831,-2.78208,-0.907242
12,2100,-4.98766,-1.63527,-2.56063,-0.84382,-2.88213,-0.942417
12,2160,-5.10791,-1.67419,-2.56037,-0.844278,-2.84213,-0.929133
12,2220,-5.23157,-1.71472,-2.70172,-0.890707,-3.02852,-0.99034
12,2280,-5.10776,-1.67417,-2.71289,-0.894268,-3.02861,-0.990471
12,2340,-5.25686,-1.72286,-2.71279,-0.894561,-3.02865,-0.990264
12,2400,-4.09556,-1.34463,-2.71374,-0.892828,-3.05888,-1.00187
12,2460,-3.8972,-1.27934,-2.63982,-0.868359,-2.94232,-0.96413
12,2520,-3.71423,-1.22743,-2.63782,-0.863924,-5.98226,-1.94988
12,2580,-3.53567,-1.16872,-2.63758,-0.863952,-6.08357,-1.98277
12,2640,-3.52722,-1.16636,-2.43737,-0.798022,-6.13412,-1.9989
12,2700,-3.61862,-1.1971,-2.59134,-0.848393,-6.43652,-2.09696
12,2760,-3.61877,-1.19677,-2.72838,-0.893266,-6.43663,-2.09748
12,2820,-4.59993,-1.51803,-2.63063,-0.863469,-6.12486,-1.99489
12,2880,-4.59843,-1.52264,-2.7493,-0.899457,-7.93787,-2.58271
12,2940,-4.59839,-1.52267,-2.74921,-0.899425,-7.96642,-2.59197
12,3000,-3.5946,-1.19231,-2.74992,-0.897837,-7.97057,-2.59601
12,3060,-3.53516,-1.1682,-2.67336,-0.875037,-6.12171,-1.99716
12,3120,-3.53267,-1.17193,-2.77654,-0.906288,-8.27012,-2.69372
12,3180,-3.62569,-1.20257,-2.672,-0.872791,-8.18748,-2.66593
12,3240,-3.49507,-1.15824,-2.67216,-0.872556,-7.79912,-2.54109
12,3300,-3.60057,-1.18873,-2.53639,-0.830605,-5.65288,-1.84446
12,3360,-3.54007,-1.16881,-2.70418,-0.884959,-5.61824,-1.83387
12,3420,-3.53953,-1.16974,-2.49767,-0.817529,-5.84321,-1.90573
12,3480,-3.5398,-1.16952,-2.49719,-0.817412,-5.7912,-1.88884
12,3540,-3.37887,-1.11648,-2.37908,-0.778763,-5.60399,-1.82759
13,0,-3.37908,-1.11577,-2.27874,-0.746491,-5.3363,-1.74035
13,60,-3.38051,-1.10569,-4.39254,-1.44001,-2.26663,-0.746531
13,120,-3.38002,-1.10628,-4.40497,-1.44363,-2.5423,-0.836908
13,180,-3.25538,-1.06515,-4.40504,-1.44356,-2.42096,-0.797324
13,240,-3.58657,-1.17724,-2.31157,-0.760495,-2.61853,-0.858243
13,300,-3.40851,-1.11876,-2.33415,-0.767214,-2.61837,-0.858923
13,360,-3.58631,-1.17694,-2.31399,-0.761269,-2.63164,-0.862754
13,420,-4.10742,-1.34646,-2.32549,-0.766407,-2.51398,-0.823645
13,480,-4.13797,-1.35653,-2.32565,-0.766043,-2.51347,-0.823623
13,540,-4.13397,-1.36345,-2.32356,-0.761959,-5.83948,-1.90599
13,600,-4.16209,-1.37209,-2.498,-0.819071,-5.83928,-1.90669
13,660,-3.80613,-1.26006,-2.34237,-0.765461,-7.53559,-2.45554
13,720,-3.83424,-1.26874,-2.34215,-0.765668,-7.5225,-2.4513
13,780,-3.98415,-1.31825,-2.34203,-0.76591,-7.52222,-2.45069
13,840,-3.98454,-1.31833,-2.20976,-0.722927,-7.42303,-2.41795
13,900,-4.02136,-1.33053,-2.10947,-0.690225,-7.42307,-2.41741
13,960,-3.7295,-1.23398,-2.29593,-0.750378,-7.42267,-2.41912
13,1020,-3.56607,-1.18005,-2.44085,-0.796993,-7.53094,-2.45565
13,1080,-3.84792,-1.27269,-2.51699,-0.822416,-7.53073,-2.45527
13,1140,-3.99844,-1.32174,-2.51693,-0.823036,-7.30537,-2.38167
13,1200,-12.4333,-4.04147,-2.4591,-0.820613,-7.09437,-2.28714
13,1260,-13.0173,-4.23053,-2.4377,-0.81425,-7.09286,-2.28479
13,1320,-12.8034,-4.15895,-2.80505,-0.934902,-6.81411,-2.19705
13,1380,-4.46611,-1.47503,-2.97355,-0.972874,-6.89181,-2.24764
13,1440,-4.23558,-1.39936,-2.85414,-0.933951,-6.8213,-2.22469
13,1500,-4.10322,-1.35584,-2.85416,-0.933694,-6.82153,-2.22519
13,1560,-3.53231,-1.16786,-2.66844,-0.871368,-6.82263,-2.22728
13,1620,-3.51737,-1.16307,-2.49164,-0.814278,-6.82369,-2.22662
13,1680,-3.7512,-1.24012,-2.40208,-0.785256,-6.82378,-2.22594
13,1740,-3.75503,-1.2342,-2.40415,-0.789262,-3.48696,-1.14148
13,1800,-3.75483,-1.23463,-2.40434,-0.78909,-3.65769,-1.19724
13,1860,-3.41637,-1.11514,-5.62962,-1.8425,-1.92072,-0.635212
13,1920,-3.41371,-1.11052,-8.18182,-2.67312,-1.80206,-0.598799
13,1980,-3.41041,-1.11588,-8.17372,-2.65866,-5.11585,-1.69228
13,2040,-3.09375,-1.01283,-8.43647,-2.74089,-5.24525,-1.73684
13,2100,-3.06291,-1.00625,-8.57203,-2.77465,-7.23377,-2.39265
13,2160,-3.18309,-1.04569,-8.45946,-2.73947,-7.2341,-2.39166
13,2220,-3.17332,-1.04274,-8.3113,-2.69207,-7.23446,-2.39091
13,2280,-3.37347,-1.10405,-8.16237,-2.65543,-5.20889,-1.72267
13,2340,-3.37343,-1.10411,-8.19699,-2.66664,-5.20873,-1.72268
13,2400,-3.47011,-1.13519,-8.19645,-2.66775,-5.20862,-1.72216
13,2460,-3.49542,-1.14366,-8.20855,-2.67145,-5.3019,-1.75291
13,2520,-3.44235,-1.12502,-8.53399,-2.7764,-4.90218,-1.62316
13,2580,-3.4416,-1.12522,-8.53521,-2.77685,-4.90196,-1.62276
13,2640,-3.44187,-1.12441,-8.69831,-2.83057,-4.62445,-1.53193
13,2700,-3.44437,-1.13017,-5.62709,-1.83835,-4.73439,-1.55786
13,2760,-3.73453,-1.22619,-5.3062,-1.73472,-4.91852,-1.61637
13,2820,-3.77834,-1.24079,-5.30528,-1.73394,-5.11545,-1.68098
13,2880,-3.75493,-1.23733,-2.56354,-0.840658,-5.12009,-1.67373
13,2940,-3.75497,-1.23752,-2.6036,-0.85351,-5.2722,-1.72359
13,3000,-3.75458,-1.23819,-2.60361,-0.853128,-5.5921,-1.82767
13,3060,-3.30511,-1.08997,-2.82256,-0.923677,-5.59235,-1.82975
13,3120,-3.30411,-1.09014,-2.74643,-0.899079,-5.78062,-1.89058
13,3180,-3.30236,-1.08343,-2.76993,-0.910574,-2.42694,-0.796728
13,3240,-3.28794,-1.07922,-3.14425,-1.03277,-2.71204,-0.890474
13,3300,-5.47032,-1.79375,-3.14292,-1.03556,-2.9836,-0.977085
13,3360,-5.48932,-1.80011,-3.27385,-1.07726,-3.07617,-1.00826
13,3420,-5.6652,-1.85394,-5.1057,-1.67543,-3.26536,-1.07429
13,3480,-5.54494,-1.81449,-5.33808,-1.75081,-3.2652,-1.07493
13,3540,-5.74792,-1.88122,-5.35409,-1.75654,-3.47842,-1.14429
14,0,-5.55194,-1.82131,-3.52095,-1.15813,-3.49114,-1.14395
14,60,-5.69363,-1.87755,-3.65524,-1.19762,-6.5674,-2.14061
14,120,-5.50271,-1.79953,-6.44215,-2.10933,-3.6125,-1.19146
14,180,-5.50278,-1.79829,-6.61544,-2.16637,-3.28666,-1.08492
14,240,-5.60645,-1.8322,-6.61591,-2.16702,-3.27132,-1.0795
14,300,-5.75192,-1.87901,-6.78355,-2.22188,-3.27097,-1.07969
14,360,-5.91975,-1.93309,-6.87395,-2.25234,-3.22346,-1.06389
14,420,-5.91974,-1.93365,-6.87407,-2.25192,-3.33884,-1.10179
14,480,-5.78923,-1.88922,-7.14589,-2.34012,-3.15571,-1.04262
14,540,-5.80844,-1.90596,-6.99036,-2.27968,-6.48294,-2.1315
14,600,-5.8967,-1.93364,-6.98068,-2.27812,-6.28733,-2.06722
14,660,-4.06816,-1.33391,-7.22399,-2.35339,-6.10046,-2.0096
14,720,-4.2716,-1.40024,-7.07634,-2.30842,-5.9563,-1.96062
14,780,-4.24628,-1.39161,-7.07607,-2.3086,-5.86318,-1.9304
14,840,-4.24434,-1.39583,-6.92929,-2.25577,-7.52104,-2.47147
14,900,-4.25747,-1.39982,-6.84962,-2.22962,-7.5023,-2.46559
14,960,-4.25756,-1.39994,-6.55615,-2.13409,-7.49036,-2.46106
14,1020,-4.36758,-1.43171,-6.43017,-2.09878,-5.77791,-1.9009
14,1080,-4.36434,-1.42573,-8.5608,-2.78754,-5.77386,-1.90746
14,1140,-4.50815,-1.47212,-8.55391,-2.78685,-5.58179,-1.8437
14,1200,-5.02325,-1.64819,-8.3603,-2.71477,-7.83849,-2.58373
14,1260,-4.95257,-1.60949,-15.684,-5.01046,-7.96534,-2.67458
14,1320,-5.17966,-1.69054,-12.8853,-4.13924,-8.24769,-2.74885
14,1380,-5.24672,-1.70489,-12.7566,-4.11734,-6.17064,-2.05399
14,1440,-5.08905,-1.67604,-3.2915,-1.08005,-6.20282,-2.02539
14,1500,-7.87394,-2.58341,-3.28737,-1.08599,-6.08031,-1.97813
14,1560,-7.5333,-2.46164,-6.31203,-2.0723,-6.0748,-1.9893
14,1620,-7.41485,-2.42353,-6.24606,-2.05047,-6.06302,-1.98513
14,1680,-7.41507,-2.42426,-6.08975,-1.99936,-6.0634,-1.98456
14,1740,-7.43225,-2.4141,-6.09557,-2.01033,-2.59853,-0.85391
14,1800,-7.42757,-2.42204,-6.09208,-2.00372,-4.77046,-1.564
14,1860,-7.29094,-2.3767,-6.09218,-2.00384,-4.64867,-1.52463
14,1920,-7.12546,-2.31875,-7.86354,-2.58288,-4.49889,-1.47948
14,1980,-7.03714,-2.28187,-7.68904,-2.5321,-2.31429,-0.762644
14,2040,-7.03726,-2.28255,-7.54682,-2.48595,-2.31437,-0.76231
14,2100,-8.38504,-2.76805,-5.71656,-1.86744,-11.5095,-3.73359
14,2160,-8.50322,-2.80686,-5.83597,-1.90583,-11.6111,-3.76696
14,2220,-8.40239,-2.7722,-6.05549,-1.97703,-11.477,-3.72594
14,2280,-7.50028,-2.43281,-6.2656,-2.0681,-2.11633,-0.696274
14,2340,-7.13233,-2.31574,-6.15643,-2.03007,-2.11614,-0.6964
14,2400,-6.82697,-2.20803,-8.47577,-2.78394,-1.95376,-0.646399
14,2460,-6.64488,-2.1606,-5.3493,-1.76616,-1.95619,-0.642747
14,2520,-6.52615,-2.12301,-5.20332,-1.71751,-2.12646,-0.698478
14,2580,-8.79972,-2.86276,-3.10807,-1.03344,-2.0286,-0.661161
14,2640,-8.79578,-2.85201,-5.35321,-1.77594,-1.9669,-0.644102
14,2700,-8.35674,-2.71156,-5.35423,-1.77432,-1.94887,-0.638679
14,2760,-5.78584,-1.88324,-5.69236,-1.87578,-2.0568,-0.67652
14,2820,-5.78936,-1.88986,-3.48276,-1.15074,-2.05838,-0.674041
14,2880,-8.98941,-2.92098,-5.60517,-1.85588,-2.03543,-0.667811
14,2940,-8.98961,-2.9197,-5.7327,-1.89813,-1.87715,-0.616262
14,3000,-8.98876,-2.92053,-5.78385,-1.91432,-2.09817,-0.688566
14,3060,-9.17573,-2.99076,-3.7363,-1.23921,-2.25348,-0.735692
14,3120,-9.29753,-3.0318,-3.70185,-1.22761,-2.56311,-0.836457
14,3180,-9.44495,-3.07883,-4.07016,-1.34929,-2.56301,-0.837062
14,3240,-9.85401,-3.22332,-4.12926,-1.36618,-4.65412,-1.51299
14,3300,-9.66775,-3.1636,-3.93218,-1.30065,-4.65472,-1.51303
14,3360,-11.7788,-3.84627,-3.9298,-1.30513,-4.35054,-1.40836
14,3420,-11.6625,-3.80848,-3.77665,-1.25444,-4.35042,-1.40834
14,3480,-11.7247,-3.82825,-3.7162,-1.23484,-4.26891,-1.38159
14,3540,-11.8316,-3.86113,-3.85351,-1.28072,-4.1416,-1.34084
15,0,-12.0271,-3.9269,-3.52746,-1.17288,-4.30535,-1.39294
15,60,-12.0001,-3.94642,-5.54626,-1.8258,-9.72269,-3.14562
15,120,-11.7872,-3.87862,-5.39162,-1.77378,-9.91276,-3.20742
15,180,-11.7864,-3.879,-5.39124,-1.77357,-10.0197,-3.24174
15,240,-11.7941,-3.89162,-3.36735,-1.1111,-9.97105,-3.21112
15,300,-11.7503,-3.86372,-6.16097,-2.02407,-10.1433,-3.2872
15,360,-11.7397,-3.86058,-6.16117,-2.02402,-10.1782,-3.29842
15,420,-11.7076,-3.85054,-6.16114,-2.0237,-10.2398,-3.31839
15,480,-8.40825,-2.77575,-5.7288,-1.8733,-10.4701,-3.4004
15,540,-11.6218,-3.82416,-6.03817,-1.98292,-10.4498,-3.38578
15,600,-11.6374,-3.81214,-6.04201,-1.98971,-8.32879,-2.70728
15,660,-11.5153,-3.75598,-6.20447,-2.04968,-6.05809,-1.97574
15,720,-11.7191,-3.82104,-6.13735,-2.02886,-5.83476,-1.90269
15,780,-11.5376,-3.76145,-6.48697,-2.14322,-5.82415,-1.90007
15,840,-11.3272,-3.67299,-6.49377,-2.15437,-2.78385,-0.911204
15,900,-11.1562,-3.61908,-6.49371,-2.15316,-3.02327,-0.989415
15,960,-10.9272,-3.54488,-6.45872,-2.14121,-2.98651,-0.977654
15,1020,-11.0261,-3.5724,-8.56389,-2.83387,-2.98568,-0.979289
15,1080,-11.0768,-3.58685,-9.10902,-3.01302,-3.18642,-1.04589
15,1140,-11.2978,-3.66065,-8.891,-2.94192,-3.4145,-1.11895
15,1200,-11.291,-3.65119,-9.10178,-3.0048,-3.73465,-1.22845
15,1260,-11.3058,-3.65641,-9.10196,-3.00476,-3.82089,-1.25654
15,1320,-11.5046,-3.72281,-8.59977,-2.84199,-3.88176,-1.27453
15,1380,-9.44293,-3.05874,-8.88832,-2.9263,-3.59929,-1.18666
15,1440,-9.56692,-3.09757,-8.94196,-2.94506,-3.3717,-1.11203
15,1500,-6.78745,-2.21494,-6.35124,-2.08397,-3.37751,-1.11218
15,1560,-6.58541,-2.14875,-6.75784,-2.21546,-3.55819,-1.17284
15,1620,-6.58492,-2.14738,-7.02612,-2.30432,-3.39345,-1.11884
15,1680,-6.47737,-2.11155,-7.04196,-2.30991,-3.18214,-1.04955
15,1740,-3.48135,-1.13717,-6.88708,-2.25027,-3.3058,-1.09267
15,1800,-3.5136,-1.14702,-6.94806,-2.27083,-3.14395,-1.03946
15,1860,-4.16344,-1.36704,-6.59673,-2.14816,-6.08443,-2.00334
15,1920,-4.10324,-1.34684,-6.67624,-2.17415,-5.98325,-1.97065
15,1980,-4.10288,-1.34644,-7.1502,-2.32764,-6.10557,-2.01216
15,2040,-4.10279,-1.3458,-7.163,-2.33261,-5.89102,-1.9418
15,2100,-4.13593,-1.35677,-7.21197,-2.34845,-5.93103,-1.955
15,2160,-4.26485,-1.39915,-7.19983,-2.34462,-6.09389,-2.00803
15,2220,-4.26568,-1.39693,-8.71891,-2.84343,-5.67103,-1.871
15,2280,-4.16875,-1.36575,-8.72031,-2.84353,-5.67057,-1.87076
15,2340,-7.10862,-2.31958,-11.0337,-3.61302,-5.57367,-1.83474
15,2400,-6.93656,-2.26586,-9.17766,-3.00606,-5.37251,-1.76641
15,2460,-6.8562,-2.247,-9.20171,-3.00746,-7.86516,-2.5816
15,2520,-10.1181,-3.31103,-8.57442,-2.81263,-7.9346,-2.59529
15,2580,-10.1508,-3.30995,-11.5865,-3.78532,-8.02275,-2.64003
15,2640,-10.1596,-3.30661,-13.5063,-4.40178,-8.29686,-2.74054
15,2700,-10.2359,-3.32436,-13.7348,-4.46124,-8.07499,-2.67523
15,2760,-10.5562,-3.42612,-13.7344,-4.4654,-7.92192,-2.62352
15,2820,-10.5644,-3.43852,-11.2023,-3.65142,-7.80482,-2.57193
15,2880,-10.5708,-3.45176,-8.95116,-2.92876,-8.06043,-2.6431
15,2940,-10.4446,-3.4112,-8.95118,-2.92762,-8.10118,-2.65694
15,3000,-10.6149,-3.46355,-9.18871,-3.00694,-7.83716,-2.57137
15,3060,-10.7143,-3.47776,-9.1818,-3.01962,-4.89767,-1.60934
15,3120,-10.9039,-3.53857,-9.18152,-3.02065,-4.89748,-1.60881
15,3180,-11.0805,-3.59759,-8.78818,-2.89404,-5.00363,-1.64156
15,3240,-11.2719,-3.65966,-8.59119,-2.83078,-4.90826,-1.60973
15,3300,-11.4081,-3.70291,-8.56627,-2.8234,-4.88421,-1.60182
15,3360,-11.1353,-3.60499,-11.0349,-3.62865,-4.9549,-1.63168
15,3420,-11.2976,-3.65594,-11.1123,-3.65556,-4.75911,-1.56717
15,3480,-11.5241,-3.72711,-11.5993,-3.81634,-4.75833,-1.56742
15,3540,-8.24148,-2.6789,-10.9218,-3.56724,-5.0463,-1.66626
16,0,-8.02044,-2.60909,-11.0903,-3.61874,-5.36918,-1.77363
16,60,-7.72768,-2.51456,-10.7633,-3.51162,-5.47778,-1.80906
16,120,-4.6656,-1.51828,-10.8838,-3.53775,-5.36542,-1.77764
16,180,-6.62353,-2.16191,-8.03526,-2.63103,-5.60143,-1.84263
16,240,-6.66462,-2.17487,-8.44766,-2.7644,-5.71961,-1.8831
16,300,-6.63826,-2.16545,-9.00077,-2.94437,-5.71927,-1.88412
16,360,-4.71821,-1.54184,-8.96411,-2.92258,-5.95222,-1.96465
16,420,-4.82059,-1.57014,-8.73118,-2.85236,-3.6841,-1.21971
16,480,-4.8847,-1.58651,-11.8483,-3.86252,-3.53588,-1.1761
16,540,-4.85855,-1.57817,-11.8326,-3.85738,-3.59614,-1.19581
16,600,-4.87461,-1.58394,-11.9367,-3.89028,-3.70647,-1.23263
16,660,-5.12265,-1.66722,-10.7799,-3.51977,-3.88168,-1.28714
16,720,-7.65773,-2.49988,-10.5801,-3.45703,-6.11161,-2.01508
16,780,-8.09928,-2.64267,-10.6279,-3.47511,-6.08451,-2.0052
16,840,-7.8813,-2.56451,-12.9052,-4.20137,-6.01874,-1.99367
16,900,-5.67896,-1.84432,-12.8593,-4.18183,-4.2278,-1.40787
16,960,-6.1142,-1.98424,-13.0593,-4.24948,-4.18316,-1.39292
16,1020,-6.40249,-2.07571,-13.4442,-4.37564,-4.18225,-1.39291
16,1080,-6.36275,-2.063,-13.2923,-4.32453,-4.11369,-1.37006
16,1140,-8.68969,-2.79712,-15.6754,-5.13314,-4.01429,-1.33428
16,1200,-8.72481,-2.83248,-13.0531,-4.27909,-6.04456,-1.99425
16,1260,-8.89209,-2.88527,-13.0325,-4.27374,-5.90498,-1.94858
16,1320,-7.1312,-2.32598,-10.4599,-3.41777,-5.78616,-1.91053
16,1380,-7.24585,-2.35408,-10.5319,-3.4515,-3.98077,-1.31648
16,1440,-8.88064,-2.87498,-11.2035,-3.67895,-3.96793,-1.31092
16,1500,-9.09702,-2.937,-13.398,-4.39325,-4.0798,-1.35313
16,1560,-8.87942,-2.86584,-13.6481,-4.47358,-4.03947,-1.34046
16,1620,-8.77361,-2.8328,-13.5494,-4.44024,-4.0799,-1.35365
16,1680,-8.8865,-2.86996,-13.1941,-4.32802,-4.01756,-1.3311
16,1740,-9.34632,-3.02976,-9.71888,-3.19999,-4.20468,-1.38404
16,1800,-12.4738,-4.03551,-12.1944,-4.02343,-4.30637,-1.41605
16,1860,-12.8971,-4.16279,-14.5785,-4.80512,-4.43616,-1.46289
16,1920,-14.8847,-4.75804,-21.7448,-7.136,-5.07753,-1.69245
16,1980,-15.027,-4.80568,-19.8274,-6.51099,-5.13833,-1.71027
16,2040,-16.1446,-5.1554,-20.1325,-6.62275,-4.90532,-1.63213
16,2100,-13.8173,-4.47317,-12.9283,-4.26008,-6.93576,-2.27913
16,2160,-16.5242,-5.31601,-15.1324,-5.00568,-7.1404,-2.34712
16,2220,-16.5268,-5.30766,-15.6071,-5.16349,-6.71549,-2.2106
16,2280,-18.0561,-5.89506,-15.8195,-5.1824,-14.3539,-4.64159
16,2340,-17.8888,-5.85869,-14.0129,-4.60363,-14.3308,-4.60364
16,2400,-18.0254,-5.88493,-16.3408,-5.35524,-14.4923,-4.68078
16,2460,-16.4589,-5.28181,-14.9837,-4.96629,-5.17203,-1.70238
16,2520,-16.5856,-5.32385,-14.6961,-4.87356,-5.23245,-1.72032
16,2580,-18.8115,-6.02215,-14.3251,-4.77545,-5.48729,-1.79792
16,2640,-18.6904,-5.99292,-13.3531,-4.45326,-5.44885,-1.78191
16,2700,-19.0211,-6.11446,-11.297,-3.77552,-5.39867,-1.75741
16,2760,-16.3133,-5.25476,-13.0493,-4.33131,-5.5115,-1.80511
16,2820,-16.267,-5.24907,-10.8025,-3.59335,-5.33616,-1.74275
16,2880,-16.4277,-5.29929,-10.8294,-3.60352,-5.26766,-1.72017
16,2940,-16.0218,-5.17957,-9.08813,-3.02637,-5.28583,-1.72258
16,3000,-12.8876,-4.168,-9.33238,-3.09594,-5.04942,-1.65192
16,3060,-10.6139,-3.42877,-11.9525,-3.93646,-5.0083,-1.65225
16,3120,-14.0682,-4.53984,-11.9239,-3.94413,-5.1679,-1.6989
16,3180,-15.878,-5.11723,-11.9079,-3.94988,-5.32629,-1.7473
16,3240,-15.9989,-5.15483,-12.075,-4.00517,-5.39533,-1.77023
16,3300,-15.7788,-5.08295,-12.407,-4.11247,-5.41701,-1.77899
16,3360,-12.4397,-4.03006,-11.875,-3.90339,-5.42318,-1.78813
16,3420,-12.5522,-4.06464,-11.8349,-3.89225,-5.23712,-1.72652
16,3480,-12.7151,-4.11632,-11.8352,-3.89373,-5.094,-1.67962
16,3540,-10.7416,-3.49321,-9.18892,-3.02353,-5.13051,-1.68582
17,0,-13.7045,-4.43786,-9.32671,-3.09059,-5.0532,-1.65393
17,60,-14.0083,-4.53379,-9.8723,-3.27004,-5.07332,-1.66209
17,120,-13.9963,-4.52994,-9.91397,-3.28367,-5.07329,-1.66195
17,180,-14.8774,-4.81038,-10.9307,-3.62141,-5.51368,-1.80603
17,240,-13.9046,-4.48899,-12.6897,-4.19532,-5.13493,-1.68763
17,300,-16.5455,-5.31208,-14.5318,-4.81705,-5.3518,-1.75887
17,360,-18.8037,-6.06885,-13.7363,-4.55152,-7.18074,-2.35034
17,420,-20.0061,-6.48029,-9.29824,-3.10141,-7.19349,-2.33334
17,480,-19.9133,-6.47951,-7.3695,-2.45779,-8.76457,-2.83093
17,540,-17.4038,-5.64444,-7.3908,-2.46606,-7.08142,-2.29453
17,600,-19.6731,-6.35094,-9.20677,-3.08048,-7.17363,-2.32309
17,660,-16.4361,-5.30872,-9.03267,-3.01232,-4.70667,-1.53231
17,720,-16.4646,-5.31671,-8.77846,-2.92991,-4.70717,-1.53061
17,780,-16.3453,-5.29941,-7.32184,-2.44357,-5.82325,-1.88669
17,840,-15.568,-5.05046,-7.37882,-2.45885,-5.82376,-1.88924
17,900,-13.3012,-4.31915,-7.63588,-2.53687,-5.78714,-1.88188
17,960,-12.9676,-4.20378,-7.32755,-2.43713,-4.86773,-1.58519
17,1020,-13.3539,-4.33086,-7.32,-2.43506,-5.15172,-1.67617
17,1080,-13.864,-4.49486,-7.27539,-2.4224,-5.18669,-1.6864
17,1140,-13.7262,-4.45146,-7.11572,-2.36874,-5.28697,-1.71969
17,1200,-10.8742,-3.53857,-7.01212,-2.3216,-4.92721,-1.60949
17,1260,-11.0282,-3.58118,-9.46192,-3.12534,-5.05733,-1.657
17,1320,-11.5366,-3.746,-9.62803,-3.18111,-5.14555,-1.68571
17,1380,-13.9913,-4.52841,-9.73422,-3.22936,-5.09119,-1.6629
17,1440,-14.3672,-4.64882,-9.79451,-3.25093,-5.17097,-1.68854
17,1500,-14.0283,-4.54178,-9.91965,-3.28911,-5.3537,-1.74962
17,1560,-9.13909,-2.97684,-9.99652,-3.2861,-5.34652,-1.75856
17,1620,-9.44753,-3.07731,-9.99825,-3.28821,-5.48036,-1.80085
17,1680,-12.1844,-3.94305,-12.0954,-3.99073,-5.86582,-1.92829
17,1740,-12.2093,-3.95064,-12.2467,-4.04046,-5.63664,-1.85338
17,1800,-12.7832,-4.13618,-13.4419,-4.42933,-6.05915,-1.99457
17,1860,-9.27451,-3.01946,-11.5057,-3.77475,-5.62358,-1.85382
17,1920,-8.86409,-2.88784,-11.4063,-3.73992,-5.62434,-1.85461
17,1980,-8.99215,-2.9324,-9.87655,-3.24411,-5.74241,-1.88793
17,2040,-11.2973,-3.67918,-9.41726,-3.10498,-5.87773,-1.92604
17,2100,-11.6443,-3.7905,-9.36076,-3.0889,-5.70905,-1.86991
17,2160,-11.5404,-3.75707,-9.50289,-3.13443,-5.86163,-1.92041
17,2220,-9.79595,-3.19438,-9.33051,-3.06936,-5.85457,-1.92174
17,2280,-9.91796,-3.23505,-9.38199,-3.08587,-6.02128,-1.97609
17,2340,-9.89823,-3.22828,-9.49065,-3.12133,-6.02476,-1.97739
17,2400,-9.33282,-3.04812,-9.34497,-3.06946,-6.40062,-2.10072
17,2460,-9.41949,-3.07152,-9.21522,-3.03134,-5.58857,-1.83479
17,2520,-9.78522,-3.19302,-9.37114,-3.08214,-6.37316,-2.08977
17,2580,-10.4361,-3.4034,-9.22863,-3.03897,-6.37315,-2.08771
17,2640,-10.1883,-3.32209,-9.33079,-3.07122,-6.28558,-2.06046
17,2700,-9.25834,-3.0173,-9.42716,-3.10004,-5.37143,-1.76533
17,2760,-13.6691,-4.45695,-9.22456,-3.04765,-8.59336,-2.79482
17,2820,-14.4397,-4.70419,-9.23429,-3.05537,-8.59871,-2.79412
17,2880,-14.7052,-4.80052,-7.03002,-2.3319,-8.76459,-2.83847
17,2940,-9.89339,-3.24524,-9.20974,-3.02375,-8.8173,-2.87786
17,3000,-10.1165,-3.31647,-9.42774,-3.09631,-8.78849,-2.86881
17,3060,-10.8818,-3.56729,-9.48756,-3.11753,-9.02941,-2.94519
17,3120,-10.7413,-3.51914,-9.60978,-3.1576,-8.72582,-2.84813
17,3180,-10.6548,-3.4928,-9.48177,-3.11501,-8.84807,-2.88713
17,3240,-10.781,-3.53195,-9.73827,-3.1997,-8.74979,-2.85644
17,3300,-11.1403,-3.64943,-9.94659,-3.26855,-8.82626,-2.88075
17,3360,-10.6354,-3.4857,-10.0087,-3.28604,-8.88375,-2.90132
17,3420,-10.4436,-3.41529,-11.8469,-3.88045,-8.83864,-2.89855
17,3480,-10.4786,-3.42714,-11.9746,-3.92124,-9.00645,-2.95365
17,3540,-10.3349,-3.38207,-11.9545,-3.91269,-9.20048,-3.0173
18,0,-12.9505,-4.23606,-9.52615,-3.14039,-9.20041,-2.99244
18,60,-17.5114,-5.72667,-9.81505,-3.24968,-12.0884,-3.89742
18,120,-19.9941,-6.4983,-12.474,-4.13938,-12.0642,-3.89816
18,180,-20.3756,-6.6007,-14.401,-4.77579,-11.9678,-3.88044
18,240,-19.5249,-6.32026,-14.3228,-4.74543,-9.92049,-3.22979
18,300,-17.4665,-5.66029,-14.3885,-4.7534,-9.57728,-3.12686
18,360,-17.9678,-5.80707,-12.6163,-4.18864,-6.68895,-2.18185
18,420,-17.1811,-5.54761,-12.7793,-4.2422,-6.60083,-2.15378
18,480,-17.2064,-5.52831,-15.6375,-5.18149,-6.199,-2.03543
18,540,-17.2851,-5.56659,-15.6767,-5.18699,-8.05212,-2.639
18,600,-17.3576,-5.5912,-15.6121,-5.16608,-8.37126,-2.74215
18,660,-17.1651,-5.52519,-15.9654,-5.28275,-8.23443,-2.70061
18,720,-16.5957,-5.32989,-15.8357,-5.24528,-6.17094,-2.02835
18,780,-16.6419,-5.34261,-16.1684,-5.35455,-6.08449,-2.00095
18,840,-19.5631,-6.26803,-16.2611,-5.40734,-6.25668,-2.04992
18,900,-19.4029,-6.2171,-16.1881,-5.38263,-6.2679,-2.05339
18,960,-16.7652,-5.40874,-15.7793,-5.2094,-7.36462,-2.41782
18,1020,-16.9655,-5.49304,-15.6789,-5.16712,-9.50502,-3.11086
18,1080,-19.4893,-6.31602,-12.5622,-4.17176,-9.57569,-3.1024
18,1140,-19.7058,-6.36476,-14.8495,-4.92657,-9.56753,-3.11299
18,1200,-19.7033,-6.33719,-14.9,-4.95542,-7.25848,-2.36735
18,1260,-17.333,-5.58401,-15.0839,-4.99808,-6.63345,-2.17257
18,1320,-17.3349,-5.60011,-13.029,-4.32228,-6.66309,-2.17352
18,1380,-17.1158,-5.53504,-12.6913,-4.20797,-6.90275,-2.25193
18,1440,-17.4945,-5.65551,-12.8973,-4.27791,-6.94307,-2.26502
18,1500,-17.4298,-5.63388,-12.9756,-4.30359,-7.0394,-2.2969
18,1560,-17.2637,-5.58047,-13.095,-4.34115,-7.04866,-2.30105
18,1620,-17.3574,-5.612,-15.0316,-4.96871,-8.32674,-2.72371
18,1680,-17.3229,-5.62731,-11.5571,-3.83043,-8.26793,-2.68474
18,1740,-20.5665,-6.63227,-14.1605,-4.71385,-8.1905,-2.66182
18,1800,-20.7806,-6.67544,-14.3261,-4.78005,-6.61593,-2.15437
18,1860,-20.4144,-6.56011,-14.3777,-4.79377,-6.54571,-2.13303
18,1920,-18.6846,-6.01449,-14.3236,-4.76252,-6.36811,-2.08035
18,1980,-18.9794,-6.11217,-13.9245,-4.6325,-6.48151,-2.115
18,2040,-15.6614,-5.06297,-13.8325,-4.57576,-6.86955,-2.25059
18,2100,-15.5563,-5.04029,-13.5688,-4.48367,-7.88053,-2.57775
18,2160,-15.4362,-4.99833,-14.2289,-4.69783,-7.85209,-2.57315
18,2220,-15.0641,-4.88004,-14.1076,-4.65641,-8.02464,-2.62878
18,2280,-15.0667,-4.87446,-14.2255,-4.69864,-7.36028,-2.41309
18,2340,-14.6228,-4.73106,-14.5177,-4.79027,-7.3461,-2.41146
18,2400,-14.6936,-4.77236,-14.5233,-4.7807,-9.78608,-3.20498
18,2460,-15.1295,-4.94146,-14.3249,-4.70294,-12.6782,-4.13271
18,2520,-15.0636,-4.9246,-13.5132,-4.43864,-12.7728,-4.15802
18,2580,-15.2144,-4.96471,-13.2082,-4.34629,-11.4394,-3.725
18,2640,-15.0934,-4.94837,-13.2625,-4.34938,-13.9328,-4.52853
18,2700,-15.196,-4.99599,-11.0453,-3.62873,-13.7325,-4.44378
18,2760,-17.7611,-5.80514,-11.4859,-3.79065,-11.7324,-3.80009
18,2820,-16.5349,-5.41023,-11.3663,-3.74417,-11.5433,-3.74517
18,2880,-18.2558,-5.96397,-11.4747,-3.78753,-11.4265,-3.70258
18,2940,-16.222,-5.31989,-8.88443,-2.9231,-11.7563,-3.81318
18,3000,-16.4409,-5.39363,-8.33202,-2.7441,-11.6969,-3.7892
18,3060,-16.3922,-5.38338,-8.32861,-2.74014,-12.7759,-4.1385
18,3120,-15.7554,-5.1765,-8.3704,-2.74971,-12.7381,-4.13102
18,3180,-15.9428,-5.23651,-8.5512,-2.80981,-12.718,-4.12507
18,3240,-16.1032,-5.31647,-6.64075,-2.18074,-14.526,-4.67846
18,3300,-16.3677,-5.40359,-6.60387,-2.16939,-14.6286,-4.70974
18,3360,-16.6149,-5.4821,-6.67239,-2.19312,-14.4939,-4.66744
18,3420,-16.9564,-5.54871,-8.89587,-2.93237,-10.5882,-3.43784
18,3480,-17.9828,-5.87799,-8.83555,-2.91966,-10.4675,-3.39368
18,3540,-18.2943,-5.97793,-8.99766,-2.97383,-10.5674,-3.42576
19,0,-18.1075,-5.92983,-7.11671,-2.35665,-10.554,-3.40888
19,60,-19.14,-6.23831,-7.06921,-2.35384,-8.00951,-2.5843
19,120,-18.9052,-6.16128,-7.23743,-2.40814,-7.84176,-2.53186
19,180,-18.4899,-6.04578,-7.5816,-2.51336,-9.7189,-3.13603
19,240,-13.4657,-4.42111,-7.56331,-2.48889,-9.81564,-3.18503
19,300,-13.546,-4.44301,-7.83724,-2.57978,-9.47098,-3.07704
19,360,-13.3579,-4.36665,-7.84321,-2.58866,-7.4343,-2.41967
19,420,-13.2525,-4.33181,-8.15723,-2.6917,-7.42116,-2.41607
19,480,-13.1888,-4.32272,-7.9806,-2.62882,-9.33079,-3.03374
19,540,-13.3287,-4.38452,-8.08681,-2.65622,-11.532,-3.74158
19,600,-13.2674,-4.36334,-8.29167,-2.72247,-11.4908,-3.73074
19,660,-13.4375,-4.40585,-8.22784,-2.70784,-9.35147,-3.03968
19,720,-13.1229,-4.32184,-8.18178,-2.68296,-11.69,-3.7903
19,780,-10.5497,-3.48073,-8.26732,-2.70366,-11.6746,-3.79343
19,840,-10.2771,-3.3949,-7.64892,-2.50149,-11.7702,-3.82061
19,900,-10.7804,-3.54525,-7.87738,-2.58448,-9.90086,-3.22136
19,960,-12.9053,-4.22669,-9.10499,-2.9973,-9.88878,-3.215
19,1020,-14.9326,-4.89677,-9.17348,-3.01786,-10.7121,-3.47954
19,1080,-14.5953,-4.79065,-9.18537,-3.01777,-11.176,-3.63124
19,1140,-12.0785,-3.98134,-7.2762,-2.38322,-11.2,-3.63796
19,1200,-10.6422,-3.50468,-8.96905,-2.93283,-11.493,-3.74335
19,1260,-11.8179,-3.87248,-12.6056,-4.10566,-11.4746,-3.7664
19,1320,-11.7371,-3.84727,-12.3384,-4.01818,-11.5161,-3.77905
19,1380,-10.7063,-3.51717,-10.8715,-3.53988,-11.3672,-3.72415
19,1440,-9.76072,-3.21694,-10.7319,-3.48555,-12.6878,-4.14751
19,1500,-9.74137,-3.19513,-10.9963,-3.5814,-10.4454,-3.42516
19,1560,-9.5154,-3.13515,-8.03754,-2.63184,-10.5208,-3.41973
19,1620,-9.63848,-3.14988,-11.3719,-3.71359,-8.82313,-2.90197
19,1680,-9.66455,-3.15096,-12.6587,-4.12661,-8.5534,-2.82356
19,1740,-10.2767,-3.34765,-12.6277,-4.12046,-8.54253,-2.81854
19,1800,-12.8515,-4.17163,-12.9813,-4.25704,-8.49371,-2.79427
19,1860,-12.4507,-4.0269,-14.5513,-4.76577,-7.79264,-2.57621
19,1920,-14.4951,-4.68191,-14.4489,-4.75065,-7.78789,-2.56682
19,1980,-14.1849,-4.58646,-14.2283,-4.6744,-7.9324,-2.61421
19,2040,-15.0148,-4.86501,-12.059,-3.97569,-7.79671,-2.55542
19,2100,-12.9119,-4.18946,-12.1946,-4.00532,-7.70386,-2.53299
19,2160,-13.3399,-4.30704,-14.8464,-4.87229,-7.5889,-2.50696
19,2220,-13.1686,-4.25547,-14.0908,-4.62445,-7.5545,-2.49377
19,2280,-13.0832,-4.22644,-14.3453,-4.70631,-7.34425,-2.42676
19,2340,-13.3756,-4.32119,-14.1981,-4.66144,-7.29388,-2.40817
19,2400,-13.6671,-4.41622,-14.2468,-4.67753,-7.31355,-2.41485
19,2460,-13.7763,-4.42364,-14.671,-4.83861,-4.74817,-1.57172
19,2520,-13.3651,-4.29122,-15.0583,-4.96036,-4.7978,-1.59034
19,2580,-12.9442,-4.159,-14.7275,-4.85034,-4.76385,-1.57838
19,2640,-12.4746,-4.00635,-14.5879,-4.80407,-4.60381,-1.52564
19,2700,-12.4773,-4.00819,-14.2071,-4.68088,-4.50194,-1.49091
19,2760,-13.7262,-4.39664,-14.1795,-4.68929,-4.57405,-1.51151
19,2820,-13.7705,-4.4344,-11.097,-3.68259,-4.57895,-1.50348
19,2880,-13.527,-4.35962,-10.9172,-3.62113,-4.53418,-1.48902
19,2940,-11.752,-3.79604,-10.9859,-3.62967,-4.59101,-1.51168
19,3000,-11.8582,-3.82757,-11.284,-3.72814,-4.34961,-1.43367
19,3060,-13.8318,-4.4856,-11.1316,-3.67562,-7.7326,-2.53153
19,3120,-13.7699,-4.47085,-10.6537,-3.51786,-7.89124,-2.58078
19,3180,-13.3945,-4.33708,-12.9301,-4.25621,-7.94718,-2.6124
19,3240,-11.0815,-3.59261,-13.201,-4.32624,-8.01225,-2.64246
19,3300,-11.0537,-3.58411,-13.165,-4.31397,-8.04031,-2.65164
19,3360,-11.1657,-3.63461,-10.5027,-3.45199,-7.83415,-2.57019
19,3420,-8.86723,-2.8956,-10.3368,-3.38154,-7.70624,-2.53575
19,3480,-8.71852,-2.85223,-9.21477,-3.01871,-7.8385,-2.5725
19,3540,-8.33783,-2.73073,-9.20337,-3.01153,-8.38522,-2.75174
20,0,-11.494,-3.75242,-9.3931,-3.09049,-8.36104,-2.73379
20,60,-11.8226,-3.87488,-9.91108,-3.25,-10.9866,-3.58525
20,120,-11.9432,-3.91447,-9.78098,-3.20803,-11.0835,-3.61566
20,180,-12.3904,-4.05839,-9.9328,-3.26034,-11.0723,-3.61083
20,240,-12.6379,-4.1409,-10.0093,-3.285,-11.4567,-3.73467
20,300,-15.0737,-4.92747,-10.2768,-3.38595,-11.7243,-3.8104
20,360,-15.2987,-4.9988,-10.2937,-3.39351,-11.6434,-3.78326
20,420,-15.7366,-5.12539,-12.5342,-4.12249,-11.7263,-3.82648
20,480,-13.2931,-4.34969,-12.5315,-4.0972,-13.4676,-4.40266
20,540,-13.4514,-4.40887,-11.0971,-3.63444,-13.487,-4.3956
20,600,-13.4524,-4.42048,-8.87527,-2.91644,-13.2294,-4.29393
20,660,-13.9872,-4.5557,-9.15397,-3.02628,-7.95577,-2.59401
20,720,-13.8791,-4.52146,-9.1632,-3.02847,-7.99521,-2.60692
20,780,-13.9585,-4.54781,-8.82692,-2.91962,-7.77557,-2.53339
20,840,-14.4283,-4.67606,-8.94073,-2.96925,-5.49663,-1.79474
20,900,-17.8814,-5.78095,-8.75723,-2.92368,-5.00855,-1.63033
20,960,-20.023,-6.45937,-8.56549,-2.87183,-5.00044,-1.62276
20,1020,-20.206,-6.51702,-8.71566,-2.92236,-5.05523,-1.64044
20,1080,-20.0972,-6.4848,-8.60111,-2.88317,-5.2161,-1.69212
20,1140,-20.5555,-6.6298,-8.85071,-2.96764,-5.14734,-1.67038
20,1200,-17.3586,-5.61884,-9.06945,-3.02091,-5.12575,-1.67157
20,1260,-16.9086,-5.45913,-10.6573,-3.54311,-4.56632,-1.4953
20,1320,-16.9417,-5.47269,-10.7459,-3.57087,-4.96495,-1.62524
20,1380,-16.6842,-5.38209,-12.5442,-4.15688,-5.0636,-1.66416
20,1440,-16.6829,-5.39302,-10.886,-3.61405,-4.94569,-1.6203
20,1500,-16.4814,-5.32709,-10.9212,-3.62532,-4.82011,-1.57972
20,1560,-15.8735,-5.13981,-8.5247,-2.8371,-4.35008,-1.42022
20,1620,-15.7362,-5.11121,-8.61176,-2.85884,-6.47692,-2.11157
20,1680,-15.4799,-5.02861,-8.81495,-2.92469,-6.46204,-2.1074
20,1740,-15.4138,-5.00647,-8.79445,-2.91873,-6.48929,-2.11594
20,1800,-15.0627,-4.88231,-8.42832,-2.80164,-4.40996,-1.4404
20,1860,-15.1354,-4.90444,-8.41531,-2.7983,-4.28718,-1.39985
20,1920,-15.2622,-4.94807,-8.09548,-2.69273,-4.39568,-1.43402
20,1980,-14.6599,-4.75369,-8.36386,-2.77788,-4.39536,-1.4364
20,2040,-15.0158,-4.86758,-8.29515,-2.75743,-4.42692,-1.44573
20,2100,-9.57591,-3.11493,-8.6078,-2.83858,-4.55031,-1.49471
20,2160,-10.1066,-3.28566,-8.72739,-2.88075,-4.75539,-1.5606
20,2220,-10.7889,-3.51458,-8.67478,-2.86192,-6.74558,-2.20821
20,2280,-10.6689,-3.44501,-15.2255,-4.98834,-6.62978,-2.19506
20,2340,-10.4313,-3.36974,-15.0202,-4.9203,-6.70903,-2.22037
20,2400,-10.1091,-3.26043,-14.9727,-4.90841,-5.09537,-1.69032
20,2460,-10.0948,-3.27518,-11.6234,-3.82005,-5.88411,-1.93941
20,2520,-12.5952,-4.09166,-11.4984,-3.78386,-5.88973,-1.93932
20,2580,-12.4141,-4.03373,-11.2431,-3.69899,-5.70304,-1.8786
20,2640,-12.6244,-4.10116,-11.2354,-3.69804,-5.76335,-1.89783
20,2700,-12.4954,-4.06221,-11.067,-3.6406,-5.98357,-1.96983
20,2760,-12.4948,-4.0618,-11.1803,-3.67685,-6.01638,-1.98117
20,2820,-12.6054,-4.09791,-11.3272,-3.72457,-6.207,-2.0438
20,2880,-12.6468,-4.11017,-11.431,-3.75876,-6.09887,-2.00883
20,2940,-13.0159,-4.22998,-11.4696,-3.77258,-6.24969,-2.05759
20,3000,-12.6713,-4.11871,-11.4535,-3.76414,-6.12047,-2.017
20,3060,-12.6232,-4.09082,-13.5671,-4.45033,-5.71509,-1.89216
20,3120,-14.9828,-4.82789,-15.7688,-5.18235,-5.70677,-1.89145
20,3180,-15.1176,-4.87164,-15.7717,-5.18424,-5.7066,-1.89132
20,3240,-15.0673,-4.86918,-13.5921,-4.48015,-5.66268,-1.86898
20,3300,-12.343,-4.01217,-11.2989,-3.71258,-5.53176,-1.82456
20,3360,-12.2439,-3.98066,-11.4494,-3.76054,-5.68816,-1.87641
20,3420,-12.0079,-3.91575,-11.4528,-3.75058,-7.61576,-2.50813
20,3480,-9.20645,-3.00499,-10.756,-3.51938,-7.70048,-2.5344
20,3540,-9.2291,-3.01094,-10.8982,-3.56609,-7.63565,-2.51392
21,0,-9.6992,-3.15482,-11.0098,-3.61199,-6.21202,-2.04742
21,60,-8.62025,-2.81524,-8.75958,-2.87498,-6.12236,-2.01253
21,120,-8.58273,-2.81259,-9.02403,-2.95341,-9.04645,-2.96766
21,180,-10.7439,-3.53116,-8.90935,-2.9167,-11.7736,-3.84194
21,240,-10.7454,-3.52649,-9.27391,-3.03643,-11.254,-3.677
21,300,-10.8811,-3.57139,-9.51698,-3.11551,-11.4811,-3.75091
21,360,-9.13766,-3.00455,-9.42747,-3.0739,-11.5509,-3.7832
21,420,-9.25264,-3.04265,-9.36625,-3.0546,-11.6121,-3.80212
21,480,-9.30207,-3.0612,-8.88532,-2.89976,-11.6746,-3.81818
21,540,-9.18033,-3.0228,-8.71493,-2.84335,-11.7784,-3.85115
21,600,-9.10996,-2.99928,-8.80014,-2.87114,-11.7787,-3.85169
21,660,-9.02307,-2.97161,-9.04657,-2.95059,-12.148,-3.97235
21,720,-10.0526,-3.31063,-9.04404,-2.95195,-12.4756,-4.07494
21,780,-9.90313,-3.25969,-8.89232,-2.90367,-12.0489,-3.93684
21,840,-9.81654,-3.23061,-9.17415,-2.99468,-12.214,-3.99251
21,900,-9.99799,-3.29215,-9.03572,-2.94972,-12.5049,-4.0848
21,960,-10.0605,-3.30823,-9.75366,-3.18391,-12.2925,-4.02039
21,1020,-10.06,-3.31531,-9.65766,-3.14784,-13.3456,-4.36024
21,1080,-10.1854,-3.35517,-9.79882,-3.19389,-13.3611,-4.36633
21,1140,-10.0324,-3.30648,-12.1538,-3.94156,-15.6317,-5.12091
21,1200,-10.7117,-3.52443,-11.6737,-3.79761,-14.5799,-4.77237
21,1260,-9.5262,-3.13897,-11.5451,-3.74671,-14.838,-4.86171
21,1320,-9.56084,-3.13181,-11.5252,-3.75624,-10.0511,-3.30763
21,1380,-11.1793,-3.63577,-11.2675,-3.70105,-6.77003,-2.22837
21,1440,-10.7876,-3.50816,-12.0033,-3.93766,-6.79128,-2.23884
21,1500,-10.4799,-3.41137,-11.6802,-3.83537,-6.74413,-2.21887
21,1560,-8.65095,-2.82594,-11.4435,-3.74297,-7.29895,-2.40599
21,1620,-8.66996,-2.83364,-11.4307,-3.73748,-7.57679,-2.49696
21,1680,-8.76157,-2.86388,-11.0772,-3.62383,-7.51406,-2.47477
21,1740,-9.01504,-2.94652,-11.1515,-3.64913,-7.6262,-2.51089
21,1800,-9.02326,-2.94668,-11.3022,-3.69915,-7.20101,-2.37282
21,1860,-10.7374,-3.5049,-9.51926,-3.12907,-7.26143,-2.38138
21,1920,-12.841,-4.18301,-9.33938,-3.08249,-7.27316,-2.37781
21,1980,-15.4198,-5.01917,-9.49438,-3.14077,-6.87684,-2.24593
21,2040,-13.6942,-4.46554,-9.49135,-3.12932,-6.90626,-2.26101
21,2100,-14.0284,-4.58641,-9.49402,-3.12434,-8.66888,-2.83216
21,2160,-11.9361,-3.89956,-9.61308,-3.16139,-8.30511,-2.71671
21,2220,-11.8648,-3.87775,-9.68594,-3.18444,-8.51812,-2.78602
21,2280,-9.3704,-3.06122,-9.73741,-3.1932,-6.8479,-2.25151
21,2340,-9.07853,-2.96697,-9.64102,-3.16012,-6.814,-2.24094
21,2400,-9.47596,-3.09712,-9.77015,-3.20275,-7.13525,-2.34549
21,2460,-11.4899,-3.7291,-12.7465,-4.1806,-6.91347,-2.28012
21,2520,-10.3416,-3.35864,-12.8173,-4.19623,-7.14775,-2.35948
21,2580,-10.142,-3.28765,-14.9702,-4.89267,-7.24638,-2.39958
21,2640,-8.03231,-2.61328,-14.6101,-4.75305,-7.28574,-2.4183
21,2700,-7.95381,-2.60154,-14.9855,-4.85495,-10.3383,-3.42247
21,2760,-7.97789,-2.61149,-13.4827,-4.37264,-10.0758,-3.32951
21,2820,-8.12545,-2.65827,-13.9486,-4.52478,-10.1101,-3.34171
21,2880,-8.13643,-2.66237,-13.7859,-4.47426,-10.2129,-3.37331
21,2940,-8.36895,-2.73165,-15.95,-5.17263,-10.1656,-3.3675
21,3000,-8.62392,-2.81607,-15.6391,-5.07655,-10.2304,-3.38499
21,3060,-7.79603,-2.5471,-15.3584,-4.98339,-9.76517,-3.23378
21,3120,-7.54224,-2.46091,-16.0326,-5.19006,-9.77287,-3.24668
21,3180,-7.46852,-2.43745,-16.2325,-5.25084,-10.0474,-3.33902
21,3240,-7.58197,-2.47352,-15.7121,-5.08694,-9.6218,-3.19629
21,3300,-8.07873,-2.63487,-15.9085,-5.15449,-9.68212,-3.21482
21,3360,-8.22576,-2.67661,-18.8997,-6.11357,-9.8718,-3.29029
21,3420,-8.15778,-2.6539,-19.1397,-6.18859,-9.89983,-3.30154
21,3480,-10.5193,-3.4119,-19.1269,-6.21331,-9.92786,-3.2988
21,3540,-13.9142,-4.50187,-18.9256,-6.18166,-10.2815,-3.40007
22,0,-14.1957,-4.59372,-18.582,-6.07533,-10.4503,-3.45095
22,60,-11.6287,-3.76846,-14.4276,-4.73454,-6.68868,-2.20702
22,120,-11.7443,-3.79645,-17.4005,-5.69539,-6.75952,-2.24069
22,180,-11.7834,-3.80918,-17.4058,-5.69748,-6.67904,-2.21412
22,240,-14.3139,-4.6079,-17.3594,-5.71392,-6.61297,-2.18392
22,300,-14.5324,-4.69042,-14.7419,-4.86499,-6.66815,-2.1929
22,360,-14.3209,-4.62001,-16.0734,-5.29405,-6.991,-2.3042
22,420,-16.3943,-5.28522,-16.0752,-5.30756,-7.1351,-2.34682
22,480,-16.4627,-5.30718,-16.126,-5.32444,-7.24588,-2.38289
22,540,-16.4143,-5.30087,-14.0357,-4.642,-7.07982,-2.32229
22,600,-14.306,-4.62458,-14.0934,-4.64768,-7.03859,-2.31368
22,660,-13.9481,-4.51669,-13.1222,-4.32836,-7.17782,-2.3552
22,720,-13.8623,-4.51708,-7.80682,-2.58705,-7.04538,-2.29084
22,780,-14.1856,-4.6215,-7.86228,-2.60565,-6.79432,-2.21021
22,840,-13.9484,-4.55992,-7.98743,-2.63981,-8.61949,-2.79851
22,900,-14.1833,-4.63614,-8.06733,-2.66704,-8.58319,-2.78546
22,960,-13.7111,-4.4834,-7.82083,-2.58414,-8.45684,-2.74607
22,1020,-13.1411,-4.28439,-7.84585,-2.59606,-6.63391,-2.16082
22,1080,-15.1275,-4.93332,-8.00072,-2.64897,-6.79995,-2.21386
22,1140,-12.2032,-3.98809,-8.15906,-2.68774,-6.7643,-2.21192
22,1200,-9.95611,-3.26075,-8.23641,-2.70149,-6.43861,-2.11325
22,1260,-9.73022,-3.18852,-6.93215,-2.27849,-5.84295,-1.91309
22,1320,-9.69785,-3.17724,-7.04912,-2.31613,-5.84188,-1.91385
22,1380,-10.3583,-3.39064,-7.0884,-2.33259,-5.67851,-1.85878
22,1440,-10.3541,-3.3911,-7.22412,-2.37505,-6.01011,-1.96768
22,1500,-9.78342,-3.2062,-7.03635,-2.31113,-5.99121,-1.96278
22,1560,-9.73799,-3.19027,-7.39333,-2.42769,-5.99129,-1.96419
22,1620,-10.0982,-3.30821,-7.35751,-2.41722,-6.02679,-1.97457
22,1680,-13.1257,-4.28678,-7.4501,-2.45996,-5.8976,-1.92485
22,1740,-13.1513,-4.29355,-7.38972,-2.44096,-5.64394,-1.84237
22,1800,-12.9682,-4.23264,-7.88167,-2.60203,-5.49919,-1.79647
22,1860,-12.5341,-4.0907,-8.09863,-2.67155,-5.37305,-1.75752
22,1920,-12.6989,-4.14648,-8.02129,-2.64601,-5.73502,-1.87442
22,1980,-12.6271,-4.12462,-7.99974,-2.63821,-5.94851,-1.94369
22,2040,-9.84888,-3.24115,-7.65752,-2.51025,-10.1941,-3.32014
22,2100,-9.93724,-3.26947,-7.89284,-2.5875,-10.2271,-3.33135
22,2160,-9.26442,-3.05091,-7.92059,-2.59274,-10.4166,-3.39568
22,2220,-9.19734,-3.00296,-10.0753,-3.30661,-6.39104,-2.09838
22,2280,-8.97094,-2.93148,-9.90816,-3.25011,-6.6596,-2.18584
22,2340,-8.82001,-2.87097,-12.86,-4.20369,-6.89129,-2.27743
22,2400,-9.27916,-3.01349,-14.419,-4.71312,-6.68936,-2.21458
22,2460,-9.11701,-2.9612,-14.2823,-4.66851,-6.6644,-2.206
22,2520,-8.73577,-2.82793,-16.1125,-5.25363,-6.4573,-2.14763
22,2580,-8.62372,-2.79777,-14.0699,-4.59353,-6.4812,-2.14883
22,2640,-8.68626,-2.81795,-13.8881,-4.53574,-6.44081,-2.13466
22,2700,-16.5007,-5.30882,-11.9982,-3.98648,-6.51248,-2.12556
22,2760,-16.2197,-5.21352,-12.1724,-4.044,-6.0954,-1.99135
22,2820,-16.2306,-5.16644,-24.5704,-8.05276,-6.86706,-2.27994
22,2880,-10.2006,-3.2797,-24.676,-8.00637,-6.98799,-2.33978
22,2940,-9.77281,-3.14426,-24.399,-7.91303,-6.96922,-2.33347
22,3000,-11.7084,-3.79627,-12.3583,-4.06524,-6.98007,-2.29411
22,3060,-11.288,-3.65399,-12.5558,-4.13022,-6.20913,-2.04444
22,3120,-11.1856,-3.62129,-12.52,-4.11802,-6.22587,-2.04975
22,3180,-9.38298,-3.04907,-10.7296,-3.52447,-6.00324,-1.97621
22,3240,-9.34187,-3.03551,-10.5739,-3.47354,-5.91864,-1.94858
22,3300,-7.01959,-2.28681,-10.6197,-3.47204,-5.8216,-1.92363
22,3360,-7.11986,-2.31974,-10.7976,-3.52972,-5.98325,-1.97697
22,3420,-6.88545,-2.24538,-10.5052,-3.43319,-5.9897,-1.97851
22,3480,-7.02847,-2.29195,-10.5696,-3.4544,-6.07423,-2.00631
22,3540,-7.19589,-2.35643,-7.39927,-2.42831,-6.20251,-2.03362
23,0,-7.23413,-2.36763,-7.76648,-2.54828,-6.31956,-2.07315
23,60,-7.02399,-2.29076,-7.17396,-2.36099,-3.71805,-1.22146
23,120,-6.66571,-2.17438,-7.21509,-2.37302,-3.67789,-1.20897
23,180,-6.8557,-2.23616,-7.22378,-2.37632,-3.67776,-1.20899
23,240,-6.66246,-2.17415,-7.31553,-2.40483,-3.87056,-1.27279
23,300,-6.54037,-2.13326,-7.59175,-2.49489,-3.81,-1.25398
23,360,-6.50352,-2.12056,-7.81856,-2.56932,-3.70195,-1.21894
23,420,-6.70125,-2.18496,-7.71682,-2.53711,-3.70197,-1.21814
23,480,-6.58164,-2.12763,-14.4872,-4.72664,-3.74878,-1.2491
23,540,-6.44873,-2.08391,-14.7653,-4.81644,-3.66979,-1.2231
23,600,-6.73545,-2.17462,-15.0291,-4.90455,-3.67136,-1.22369
23,660,-7.21992,-2.35497,-6.50635,-2.14389,-3.69081,-1.21086
23,720,-7.15926,-2.33545,-6.52619,-2.14977,-3.75087,-1.23099
23,780,-6.93977,-2.26467,-6.75319,-2.22259,-4.04847,-1.32927
23,840,-8.98653,-2.93498,-6.59031,-2.17174,-4.04901,-1.32781
23,900,-8.93339,-2.92471,-6.3062,-2.0744,-5.96619,-1.95343
23,960,-9.16185,-2.9986,-6.12903,-2.01777,-6.00822,-1.96628
23,1020,-7.08255,-2.31868,-6.00658,-1.97502,-6.13842,-2.00963
23,1080,-5.62219,-1.84068,-6.15991,-2.02283,-4.35885,-1.43133
23,1140,-5.71417,-1.87097,-6.08877,-1.99992,-4.44951,-1.46054
23,1200,-8.00587,-2.62046,-5.95625,-1.95985,-4.21911,-1.38377
23,1260,-5.668,-1.85111,-5.37848,-1.77121,-3.02705,-0.994114
23,1320,-5.9832,-1.95463,-5.36057,-1.76559,-3.02613,-0.99338
23,1380,-5.83064,-1.90498,-5.38155,-1.77155,-3.0259,-0.993876
23,1440,-5.89077,-1.92371,-5.4832,-1.8056,-2.77816,-0.912702
23,1500,-5.86646,-1.91588,-5.48174,-1.80496,-2.76792,-0.909368
23,1560,-6.16039,-2.0114,-5.5542,-1.82947,-2.91036,-0.955726
23,1620,-6.27902,-2.05121,-5.22735,-1.72231,-3.053,-1.0017
23,1680,-6.46551,-2.11283,-5.06584,-1.66941,-3.07327,-1.00789
23,1740,-8.12494,-2.65654,-5.09522,-1.67981,-2.9727,-0.974955
23,1800,-8.32175,-2.72096,-4.94804,-1.63174,-2.85327,-0.935448
23,1860,-8.14095,-2.66379,-4.24945,-1.40157,-2.85364,-0.934762
23,1920,-5.94997,-1.94786,-4.10013,-1.35004,-3.06871,-1.00612
23,1980,-5.66037,-1.85391,-3.99963,-1.31654,-3.12979,-1.02621
23,2040,-5.78288,-1.89378,-3.99931,-1.31693,-3.15015,-1.03265
23,2100,-5.83513,-1.9298,-3.78806,-1.23935,-11.4868,-3.73629
23,2160,-5.31793,-1.76017,-3.72781,-1.21849,-11.6525,-3.79107
23,2220,-7.57439,-2.50132,-3.86808,-1.26662,-11.6104,-3.77507
23,2280,-7.59481,-2.48761,-4.02841,-1.3274,-3.15518,-1.03369
23,2340,-7.53018,-2.46584,-4.04473,-1.3331,-2.98313,-0.977383
23,2400,-5.55971,-1.82686,-4.14376,-1.3613,-5.83546,-1.90878
23,2460,-4.99653,-1.6437,-3.5935,-1.17926,-5.7474,-1.88
23,2520,-4.56835,-1.50272,-3.72586,-1.22209,-5.74797,-1.88139
23,2580,-4.62834,-1.52261,-3.67466,-1.20567,-5.84954,-1.91398
23,2640,-4.7537,-1.56425,-3.46381,-1.13656,-5.91553,-1.93491
23,2700,-4.5734,-1.50522,-3.41438,-1.11993,-5.91579,-1.93534
23,2760,-4.23075,-1.39229,-3.50906,-1.15037,-5.80484,-1.90034
23,2820,-4.27026,-1.4053,-3.45343,-1.13226,-5.80495,-1.90025
23,2880,-4.40259,-1.44815,-3.37432,-1.107,-5.62608,-1.84147
23,2940,-4.18411,-1.3752,-5.84589,-1.9148,-5.80013,-1.90246
23,3000,-4.18275,-1.37517,-5.84715,-1.91548,-5.83592,-1.91363
23,3060,-4.32457,-1.4212,-5.99227,-1.96329,-5.82552,-1.91043
23,3120,-3.8481,-1.26624,-3.66917,-1.20239,-5.58885,-1.83062
23,3180,-4.08034,-1.34142,-3.7221,-1.22058,-5.52789,-1.81083
23,3240,-3.82618,-1.25463,-6.07225,-1.98595,-5.52472,-1.81655
23,3300,-3.8068,-1.24846,-6.07189,-1.98596,-5.52483,-1.81642
23,3360,-3.72585,-1.22141,-6.07201,-1.98632,-5.36251,-1.7633
23,3420,-3.94345,-1.29619,-3.82212,-1.25389,-5.29938,-1.73605
23,3480,-3.80521,-1.25102,-3.72823,-1.22254,-5.2994,-1.73646
23,3540,-3.52336,-1.15867,-3.72848,-1.22214,-5.29964,-1.73696
24,0,-3.72013,-1.21886,-3.66479,-1.20475,-2.33686,-0.767751
