hour, t(sec), V1, VAngle1, V2, VAngle2, I1, IAngle1, I2, IAngle2
0,60,252.034,89.999,0,0,0.233884,71.804,0.233884,-108.196
0,120,252.041,89.998,0,0,0.23388,71.8032,0.23388,-108.197
0,180,252.024,90.0004,0,0,0.233896,71.8053,0.233896,-108.195
0,240,251.987,90.0043,0,0,0.233929,71.8091,0.233929,-108.191
0,300,251.891,90.0057,0,0,0.234017,71.8107,0.234017,-108.189
0,360,251.867,90.0005,0,0,0.234041,71.8059,0.234041,-108.194
0,420,251.855,90.0022,0,0,0.234053,71.8072,0.234053,-108.193
0,480,251.831,90.0059,0,0,0.234075,71.8108,0.234075,-108.189
0,540,251.773,90.0072,0,0,0.234127,71.8122,0.234127,-108.188
0,600,252.157,90.0754,0,0,0.233774,71.8804,0.233774,-108.12
0,660,251.777,90.0185,0,0,0.234124,71.8237,0.234124,-108.176
0,720,251.714,90.0196,0,0,0.234182,71.8246,0.234182,-108.175
0,780,251.705,90.0178,0,0,0.234192,71.8231,0.234192,-108.177
0,840,251.652,90.019,0,0,0.23424,71.824,0.23424,-108.176
0,900,251.675,90.0185,0,0,0.234221,71.8237,0.234221,-108.176
0,960,251.638,90.0178,0,0,0.234254,71.8229,0.234254,-108.177
0,1020,251.162,90.019,0,0,0.234681,71.8233,0.234681,-108.177
0,1080,251.161,90.019,0,0,0.234699,71.8242,0.234699,-108.176
0,1140,251.186,90.0185,0,0,0.234677,71.8237,0.234677,-108.176
0,1200,251.696,90.0166,0,0,0.234218,71.8226,0.234218,-108.177
0,1260,251.697,90.0165,0,0,0.2342,71.8216,0.2342,-108.178
0,1320,251.692,90.0166,0,0,0.234204,71.8217,0.234204,-108.178
0,1380,251.705,90.0199,0,0,0.234194,71.8248,0.234194,-108.175
0,1440,251.64,90.0294,0,0,0.234252,71.8338,0.234252,-108.166
0,1500,251.622,90.0251,0,0,0.234269,71.8305,0.234269,-108.17
0,1560,251.562,90.0253,0,0,0.234323,71.8304,0.234323,-108.17
0,1620,251.571,90.0254,0,0,0.234318,71.8305,0.234318,-108.169
0,1680,251.571,90.0254,0,0,0.234317,71.8305,0.234317,-108.169
0,1740,251.536,90.0295,0,0,0.234349,71.8344,0.234349,-108.166
0,1800,251.509,90.0277,0,0,0.234374,71.8329,0.234374,-108.167
0,1860,251.707,90.0236,0,0,0.234196,71.8291,0.234196,-108.171
0,1920,251.711,90.0249,0,0,0.234187,71.8299,0.234187,-108.17
0,1980,251.71,90.0246,0,0,0.234188,71.8297,0.234188,-108.17
0,2040,251.701,90.0247,0,0,0.234196,71.8298,0.234196,-108.17
0,2100,251.712,90.0245,0,0,0.234186,71.8297,0.234186,-108.17
0,2160,251.699,90.0203,0,0,0.234197,71.8257,0.234197,-108.174
0,2220,251.702,90.0231,0,0,0.234196,71.8281,0.234196,-108.172
0,2280,251.715,90.0226,0,0,0.234183,71.8278,0.234183,-108.172
0,2340,251.715,90.0226,0,0,0.234183,71.8277,0.234183,-108.172
0,2400,251.771,90.0244,0,0,0.234133,71.8295,0.234133,-108.171
0,2460,251.76,90.0248,0,0,0.234141,71.8298,0.234141,-108.17
0,2520,251.75,90.0232,0,0,0.23415,71.8284,0.23415,-108.172
0,2580,251.775,90.0261,0,0,0.234128,71.8311,0.234128,-108.169
0,2640,251.746,90.0324,0,0,0.974252,71.8373,0.974252,-108.163
0,2700,251.671,90.0287,0,0,0.974526,71.834,0.974526,-108.166
0,2760,251.654,90.0246,0,0,0.974599,71.83,0.974599,-108.17
0,2820,251.633,90.022,0,0,0.974682,71.8272,0.974682,-108.173
0,2880,251.633,90.022,0,0,0.974687,71.8271,0.974687,-108.173
0,2940,251.584,90.021,0,0,0.974867,71.8261,0.974867,-108.174
0,3000,251.527,90.0192,0,0,0.975092,71.8244,0.975092,-108.176
0,3060,251.55,90.0157,0,0,0.97501,71.8211,0.97501,-108.179
0,3120,251.555,90.0099,0,0,0.974987,71.8154,0.974987,-108.185
0,3180,251.57,90.0098,0,0,0.974932,71.8149,0.974932,-108.185
0,3240,251.536,90.0053,0,0,0.975058,71.8106,0.975058,-108.189
0,3300,251.43,90.0058,0,0,0.975457,71.8108,0.975457,-108.189
0,3360,251.415,90.0141,0,0,0.975538,71.8187,0.975538,-108.181
0,3420,251.398,90.0124,0,0,0.975595,71.8176,0.975595,-108.182
0,3480,251.414,90.0089,0,0,0.975537,71.8142,0.975537,-108.186
0,3540,251.469,90.0031,0,0,0.975335,71.8087,0.975335,-108.191
1,0,251.444,90.0034,0,0,0.975413,71.8085,0.975413,-108.191
1,60,251.745,90.0038,0,0,0.974295,71.8093,0.974295,-108.191
1,120,251.714,89.9859,0,0,0.974362,71.792,0.974362,-108.208
1,180,251.749,89.9836,0,0,0.974241,71.7889,0.974241,-108.211
1,240,251.841,89.9698,0,0,0.973891,71.7758,0.973891,-108.224
1,300,251.7,89.9758,0,0,1.72718,71.7804,1.72718,-108.22
1,360,251.792,89.9732,0,0,0.986623,71.7785,0.986623,-108.221
1,420,251.875,89.9724,0,0,0.986298,71.7777,0.986298,-108.222
1,480,251.852,89.9631,0,0,0.986372,71.7688,0.986372,-108.231
1,540,251.835,89.9635,0,0,0.986441,71.7686,0.986441,-108.231
1,600,251.806,89.9646,0,0,0.986551,71.7697,0.986551,-108.23
1,660,251.848,89.9648,0,0,0.9864,71.77,0.9864,-108.23
1,720,251.841,89.9719,0,0,0.986418,71.7766,0.986418,-108.223
1,780,251.754,89.966,0,0,0.98675,71.7714,0.98675,-108.229
1,840,251.78,89.9677,0,0,0.986665,71.7728,0.986665,-108.227
1,900,251.78,89.9677,0,0,0.98666,71.7729,0.98666,-108.227
1,960,251.685,89.9792,0,0,0.987018,71.7835,0.987018,-108.216
1,1020,251.689,89.9832,0,0,0.987017,71.7881,0.987017,-108.212
1,1080,251.744,89.9696,0,0,0.98681,71.7755,0.98681,-108.224
1,1140,251.751,89.9788,0,0,0.986774,71.7834,0.986774,-108.217
1,1200,251.765,89.9815,0,0,0.986722,71.7865,0.986722,-108.214
1,1260,251.773,89.9831,0,0,0.986687,71.7881,0.986687,-108.212
1,1320,251.792,89.9959,0,0,0.98662,71.8002,0.98662,-108.2
1,1380,251.787,89.9948,0,0,0.986632,71.8,0.986632,-108.2
1,1440,251.785,90.0045,0,0,0.98664,71.8091,0.98664,-108.191
1,1500,251.83,89.9984,0,0,0.234077,71.8039,0.234077,-108.196
1,1560,251.858,90.0073,0,0,0.234052,71.812,0.234052,-108.188
1,1620,251.893,90.002,0,0,0.234018,71.8075,0.234018,-108.193
1,1680,251.923,90.008,0,0,0.233991,71.8129,0.233991,-108.187
1,1740,251.956,90.0118,0,0,0.233962,71.8168,0.233962,-108.183
1,1800,251.956,90.0118,0,0,0.233959,71.817,0.233959,-108.183
1,1860,252.029,90.0196,0,0,0.233895,71.8243,0.233895,-108.176
1,1920,252.072,90.0234,0,0,0.233854,71.8283,0.233854,-108.172
1,1980,252.072,90.0234,0,0,0.233851,71.8286,0.233851,-108.171
1,2040,252.063,90.0217,0,0,0.233859,71.8269,0.233859,-108.173
1,2100,252.045,90.0282,0,0,0.233876,71.8329,0.233876,-108.167
1,2160,252.036,90.0266,0,0,0.233884,71.8318,0.233884,-108.168
1,2220,252.066,90.0175,0,0,0.233858,71.8233,0.233858,-108.177
1,2280,252.136,90.0268,0,0,0.233794,71.8315,0.233794,-108.169
1,2340,252.223,90.0293,0,0,0.233714,71.8343,0.233714,-108.166
1,2400,252.246,90.0398,0,0,0.233692,71.8444,0.233692,-108.156
1,2460,252.212,90.0332,0,0,0.233719,71.8387,0.233719,-108.161
1,2520,252.041,90.0313,0,0,0.233874,71.8363,0.233874,-108.164
1,2580,252.089,90.0329,0,0,0.233837,71.838,0.233837,-108.162
1,2640,252.075,90.0301,0,0,0.233847,71.8354,0.233847,-108.165
1,2700,252.077,90.0305,0,0,0.233847,71.8356,0.233847,-108.164
1,2760,252.038,90.0302,0,0,0.233882,71.8353,0.233882,-108.165
1,2820,252.007,90.0241,0,0,0.23391,71.8295,0.23391,-108.17
1,2880,251.969,90.0263,0,0,0.233945,71.8312,0.233945,-108.169
1,2940,251.998,90.0201,0,0,0.23392,71.8256,0.23392,-108.174
1,3000,251.945,90.0095,0,0,0.233966,71.8151,0.233966,-108.185
1,3060,251.957,90.0144,0,0,0.233959,71.8192,0.233959,-108.181
1,3120,251.954,90.0137,0,0,0.233961,71.8189,0.233961,-108.181
1,3180,251.961,90.0151,0,0,0.233955,71.8201,0.233955,-108.18
1,3240,251.945,90.012,0,0,0.233968,71.8174,0.233968,-108.183
1,3300,251.949,90.0076,0,0,0.233965,71.813,0.233965,-108.187
1,3360,251.946,90.0076,0,0,0.233968,71.8127,0.233968,-108.187
1,3420,251.917,90.016,0,0,0.233994,71.8206,0.233994,-108.179
1,3480,251.954,90.0128,0,0,0.233961,71.8181,0.233961,-108.182
1,3540,251.965,90.0162,0,0,0.233951,71.8212,0.233951,-108.179
2,0,251.96,90.0111,0,0,0.233955,71.8165,0.233955,-108.184
2,60,251.828,89.9991,0,0,0.739834,71.8048,0.739834,-108.195
2,120,251.901,89.9951,0,0,0.739645,71.8006,0.739645,-108.199
2,180,251.93,90.0006,0,0,0.73956,71.8054,0.73956,-108.195
2,240,251.955,90.0067,0,0,0.739486,71.8115,0.739486,-108.188
2,300,251.955,90.0068,0,0,0.73948,71.8119,0.73948,-108.188
2,360,251.873,90.0085,0,0,0.739713,71.8135,0.739713,-108.187
2,420,251.873,90.0085,0,0,0.739721,71.8136,0.739721,-108.186
2,480,251.873,90.0085,0,0,0.739721,71.8136,0.739721,-108.186
2,540,251.788,90.0106,0,0,0.739963,71.8155,0.739963,-108.185
2,600,251.798,89.9981,0,0,0.739941,71.8041,0.739941,-108.196
2,660,251.656,89.9909,0,0,1.48068,71.7964,1.48068,-108.204
2,720,251.653,89.99,0,0,1.48074,71.7951,1.48074,-108.205
2,780,251.61,89.9948,0,0,1.48098,71.7996,1.48098,-108.2
2,840,251.632,89.9957,0,0,1.48087,71.8008,1.48087,-108.199
2,900,251.656,90.0004,0,0,1.48073,71.8053,1.48073,-108.195
2,960,251.656,90.0004,0,0,1.48072,71.8055,1.48072,-108.194
2,1020,251.638,89.9968,0,0,1.48082,71.8021,1.48082,-108.198
2,1080,251.632,90.0025,0,0,1.48086,71.8073,1.48086,-108.193
2,1140,251.683,89.9986,0,0,0.974497,71.804,0.974497,-108.196
2,1200,251.777,89.9967,0,0,0.97414,71.802,0.97414,-108.198
2,1260,251.759,90.0015,0,0,0.974192,71.8064,0.974192,-108.194
2,1320,251.777,90.0066,0,0,0.974136,71.8114,0.974136,-108.189
2,1380,251.683,90.0093,0,0,1.7273,71.8143,1.7273,-108.186
2,1440,251.7,90.0037,0,0,1.72721,71.8091,1.72721,-108.191
2,1500,251.688,89.9944,0,0,1.72727,71.8001,1.72727,-108.2
2,1560,251.67,89.9831,0,0,1.7274,71.7888,1.7274,-108.211
2,1620,251.723,89.9711,0,0,1.72706,71.777,1.72706,-108.223
2,1680,251.726,89.9798,0,0,1.72703,71.7844,1.72703,-108.216
2,1740,251.654,89.9678,0,0,1.7275,71.7735,1.7275,-108.227
2,1800,251.67,89.9743,0,0,1.72742,71.779,1.72742,-108.221
2,1860,251.759,89.9729,0,0,1.72682,71.7781,1.72682,-108.222
2,1920,251.763,89.9804,0,0,1.72677,71.785,1.72677,-108.215
2,1980,251.858,89.9745,0,0,0.986362,71.78,0.986362,-108.22
2,2040,251.896,89.9869,0,0,0.986218,71.7912,0.986218,-108.209
2,2100,251.896,89.9869,0,0,0.986205,71.792,0.986205,-108.208
2,2160,251.954,89.9844,0,0,0.98598,71.7897,0.98598,-108.21
2,2220,251.979,89.9876,0,0,0.985885,71.7927,0.985885,-108.207
2,2280,252.019,89.9868,0,0,0.985728,71.792,0.985728,-108.208
2,2340,252.019,89.9868,0,0,0.985723,71.7919,0.985723,-108.208
2,2400,251.915,89.9927,0,0,0.986118,71.7973,0.986118,-108.203
2,2460,251.971,89.9921,0,0,0.985917,71.7973,0.985917,-108.203
2,2520,251.893,89.9892,0,0,0.986202,71.7945,0.986202,-108.206
2,2580,251.986,89.9866,0,0,0.233933,71.7919,0.233933,-108.208
2,2640,251.997,89.9749,0,0,0.233921,71.7807,0.233921,-108.219
2,2700,251.99,89.9791,0,0,0.233927,71.784,0.233927,-108.216
2,2760,251.983,89.9941,0,0,0.233934,71.7984,0.233934,-108.202
2,2820,251.951,89.99,0,0,0.233963,71.7954,0.233963,-108.205
2,2880,251.966,89.9832,0,0,0.233949,71.7888,0.233949,-108.211
2,2940,252.031,89.9923,0,0,0.233892,71.797,0.233892,-108.203
2,3000,252.023,89.9833,0,0,0.233896,71.7889,0.233896,-108.211
2,3060,252.012,89.995,0,0,0.233906,71.7995,0.233906,-108.201
2,3120,252.004,89.9837,0,0,0.233914,71.7895,0.233914,-108.21
2,3180,252,89.983,0,0,0.233918,71.7882,0.233918,-108.212
2,3240,251.999,89.9829,0,0,0.233919,71.7881,0.233919,-108.212
2,3300,252.01,89.9896,0,0,0.23391,71.7942,0.23391,-108.206
2,3360,252.042,89.9959,0,0,0.233881,71.8006,0.233881,-108.199
2,3420,252.006,89.9964,0,0,0.233911,71.8014,0.233911,-108.199
2,3480,252.02,89.999,0,0,0.233901,71.8039,0.233901,-108.196
2,3540,251.998,89.9947,0,0,0.233918,71.8,0.233918,-108.2
3,0,252.047,89.9935,0,0,0.233876,71.7987,0.233876,-108.201
3,60,251.991,89.9972,0,0,0.233925,71.802,0.233925,-108.198
3,120,252.092,89.9928,0,0,0.233835,71.7983,0.233835,-108.202
3,180,252.045,89.9911,0,0,0.233875,71.7963,0.233875,-108.204
3,240,251.987,89.9965,0,0,0.233929,71.8013,0.233929,-108.199
3,300,251.947,89.9973,0,0,0.233966,71.8023,0.233966,-108.198
3,360,251.937,90.0092,0,0,0.233976,71.8136,0.233976,-108.186
3,420,251.941,90.0094,0,0,0.233973,71.8145,0.233973,-108.186
3,480,251.87,90.0061,0,0,0.234036,71.8113,0.234036,-108.189
3,540,251.799,90.0177,0,0,0.234103,71.8221,0.234103,-108.178
3,600,251.784,90.0222,0,0,0.234118,71.827,0.234118,-108.173
3,660,251.811,90.0276,0,0,0.234096,71.8325,0.234096,-108.168
3,720,251.786,90.0318,0,0,0.234117,71.8366,0.234117,-108.163
3,780,251.786,90.0318,0,0,0.234117,71.8369,0.234117,-108.163
3,840,251.811,90.0463,0,0,0.234096,71.8505,0.234096,-108.149
3,900,251.865,90.0423,0,0,0.234045,71.8477,0.234045,-108.152
3,960,251.845,90.0375,0,0,0.484841,71.843,0.484841,-108.157
3,1020,251.818,90.0387,0,0,0.990689,71.8438,0.990689,-108.156
3,1080,251.866,90.023,0,0,0.990501,71.8292,0.990501,-108.171
3,1140,251.908,90.0226,0,0,0.990341,71.8278,0.990341,-108.172
3,1200,251.88,90.0234,0,0,1.22029,71.8284,1.22029,-108.172
3,1260,251.792,90.0284,0,0,1.22071,71.8331,1.22071,-108.167
3,1320,251.713,90.0263,0,0,1.2211,71.8314,1.2211,-108.169
3,1380,251.765,90.0253,0,0,1.22086,71.8306,1.22086,-108.169
3,1440,251.776,90.0274,0,0,1.22081,71.8324,1.22081,-108.168
3,1500,251.669,90.0111,0,0,1.2213,71.8172,1.2213,-108.183
3,1560,251.704,90.0074,0,0,1.22115,71.8128,1.22115,-108.187
3,1620,250.11,90.0522,0,0,13.6907,71.8572,13.6907,-108.143
3,1680,250.068,90.0527,0,0,13.693,71.8577,13.693,-108.142
3,1740,250.029,90.0535,0,0,13.6951,71.8585,13.6951,-108.142
3,1800,250.072,90.0526,0,0,13.693,71.8578,13.693,-108.142
3,1860,250.056,90.0471,0,0,13.6937,71.8526,13.6937,-108.147
3,1920,249.954,90.0484,0,0,14.4572,71.8535,14.4572,-108.147
3,1980,249.901,90.0465,0,0,14.4603,71.8517,14.4603,-108.148
3,2040,249.887,90.0474,0,0,14.6298,71.8525,14.6298,-108.147
3,2100,249.972,90.045,0,0,13.947,71.8503,13.947,-108.15
3,2160,249.894,90.042,0,0,14.3722,71.8472,14.3722,-108.153
3,2220,249.892,90.0418,0,0,14.3725,71.8469,14.3725,-108.153
3,2280,249.868,90.0302,0,0,14.3738,71.8358,14.3738,-108.164
3,2340,249.903,90.0179,0,0,14.372,71.8237,14.372,-108.176
3,2400,249.899,90.0221,0,0,14.3721,71.8269,14.3721,-108.173
3,2460,249.907,90.0136,0,0,14.3717,71.8192,14.3717,-108.181
3,2520,249.929,90.017,0,0,13.9493,71.8219,13.9493,-108.178
3,2580,249.985,90.0241,0,0,14.4642,71.829,14.4642,-108.171
3,2640,249.986,90.0144,0,0,15.0408,71.8202,15.0408,-108.18
3,2700,250.022,90.0182,0,0,15.0388,71.8231,15.0388,-108.177
3,2760,250.012,90.0143,0,0,15.0393,71.8197,15.0393,-108.18
3,2820,251.66,89.972,0,0,2.55568,71.7773,2.55568,-108.223
3,2880,251.654,89.9663,0,0,2.55571,71.7718,2.55571,-108.228
3,2940,251.653,89.966,0,0,2.55574,71.7711,2.55574,-108.229
3,3000,251.693,89.9656,0,0,2.55534,71.7708,2.55534,-108.229
3,3060,251.696,89.9622,0,0,2.55529,71.7676,2.55529,-108.232
3,3120,251.789,89.9606,0,0,1.80186,71.7659,1.80186,-108.234
3,3180,251.867,89.9649,0,0,1.8013,71.7698,1.8013,-108.23
3,3240,251.872,89.9593,0,0,1.80125,71.7648,1.80125,-108.235
3,3300,251.82,89.9556,0,0,1.80161,71.7608,1.80161,-108.239
3,3360,251.833,89.9747,0,0,1.88514,71.7788,1.88514,-108.221
3,3420,251.777,89.9759,0,0,2.05276,71.7809,2.05276,-108.219
3,3480,251.803,89.981,0,0,2.05258,71.7858,2.05258,-108.214
3,3540,251.876,89.9776,0,0,1.96841,71.783,1.96841,-108.217
4,0,251.925,89.9766,0,0,1.96802,71.7818,1.96802,-108.218
4,60,252.049,89.9938,0,0,0.973099,71.7979,0.973099,-108.202
4,120,252.044,90.0019,0,0,0.973095,71.8066,0.973095,-108.193
4,180,252.022,90.0056,0,0,0.973175,71.8105,0.973175,-108.189
4,240,252.036,89.99,0,0,0.97313,71.796,0.97313,-108.204
4,300,252.021,89.987,0,0,0.973181,71.7923,0.973181,-108.208
4,360,251.995,89.9948,0,0,0.233921,71.7992,0.233921,-108.201
4,420,252.01,89.9975,0,0,0.23391,71.8024,0.23391,-108.198
4,480,251.962,90.005,0,0,0.233953,71.8096,0.233953,-108.19
4,540,251.967,90.0003,0,0,0.233949,71.8057,0.233949,-108.194
4,600,251.967,90.0002,0,0,0.233949,71.8054,0.233949,-108.195
4,660,251.969,89.9973,0,0,0.233947,71.8026,0.233947,-108.197
4,720,251.979,90.0021,0,0,0.233938,71.807,0.233938,-108.193
4,780,251.999,90.0113,0,0,0.233921,71.8159,0.233921,-108.184
4,840,251.905,90.0134,0,0,0.234003,71.8183,0.234003,-108.182
4,900,251.882,90.0088,0,0,0.234026,71.8142,0.234026,-108.186
4,960,251.823,90.0052,0,0,0.23408,71.8105,0.23408,-108.189
4,1020,251.845,90.0069,0,0,0.234062,71.812,0.234062,-108.188
4,1080,251.793,90.0033,0,0,0.234108,71.8086,0.234108,-108.191
4,1140,251.792,90.0033,0,0,0.234111,71.8084,0.234111,-108.192
4,1200,251.726,89.9988,0,0,0.23417,71.8042,0.23417,-108.196
4,1260,251.72,90.0011,0,0,0.234178,71.8061,0.234178,-108.194
4,1320,251.743,90.0055,0,0,0.234159,71.8104,0.234159,-108.19
4,1380,251.762,90.0024,0,0,0.234139,71.8078,0.234139,-108.192
4,1440,251.797,90.0074,0,0,0.234108,71.8123,0.234108,-108.188
4,1500,251.82,90.0206,0,0,0.234088,71.825,0.234088,-108.175
4,1560,251.864,90.029,0,0,0.234046,71.8337,0.234046,-108.166
4,1620,251.881,90.0323,0,0,0.234029,71.8372,0.234029,-108.163
4,1680,251.959,90.0307,0,0,0.233958,71.836,0.233958,-108.164
4,1740,251.922,90.034,0,0,0.23399,71.8388,0.23399,-108.161
4,1800,251.844,90.0294,0,0,0.23406,71.8347,0.23406,-108.165
4,1860,251.864,90.0387,0,0,0.234046,71.8433,0.234046,-108.157
4,1920,251.874,90.027,0,0,0.234035,71.8329,0.234035,-108.167
4,1980,251.784,90.0249,0,0,0.986634,71.8302,0.986634,-108.17
4,2040,251.827,90.0235,0,0,0.986482,71.8288,0.986482,-108.171
4,2100,251.764,90.0192,0,0,0.986709,71.8245,0.986709,-108.176
4,2160,251.714,90.0205,0,0,0.986911,71.8255,0.986911,-108.175
4,2220,251.721,90.0218,0,0,0.986893,71.8269,0.986893,-108.173
4,2280,251.824,90.0288,0,0,0.986505,71.8336,0.986505,-108.166
4,2340,251.804,90.0168,0,0,0.986558,71.8226,0.986558,-108.177
4,2400,251.821,90.013,0,0,0.986503,71.8184,0.986503,-108.182
4,2460,251.821,90.013,0,0,0.986499,71.8182,0.986499,-108.182
4,2520,251.746,90.0105,0,0,0.98678,71.8157,0.98678,-108.184
4,2580,251.77,90.0069,0,0,0.9867,71.8123,0.9867,-108.188
4,2640,251.736,90.0002,0,0,0.986823,71.8057,0.986823,-108.194
4,2700,251.754,89.9999,0,0,0.986765,71.8051,0.986765,-108.195
4,2760,251.754,89.9999,0,0,0.986761,71.805,0.986761,-108.195
4,2820,251.717,89.9988,0,0,0.986903,71.804,0.986903,-108.196
4,2880,251.745,89.9958,0,0,0.986797,71.8011,0.986797,-108.199
4,2940,251.817,89.9836,0,0,0.98652,71.7895,0.98652,-108.21
4,3000,251.803,89.9889,0,0,1.7265,71.7938,1.7265,-108.206
4,3060,251.777,89.9835,0,0,1.72667,71.789,1.72667,-108.211
4,3120,251.859,89.9861,0,0,1.72613,71.7912,1.72613,-108.209
4,3180,251.908,89.9886,0,0,0.973626,71.7934,0.973626,-108.207
4,3240,251.918,89.9915,0,0,0.973585,71.7964,0.973585,-108.204
4,3300,251.916,89.9971,0,0,1.4792,71.8019,1.4792,-108.198
4,3360,251.916,89.9965,0,0,1.47919,71.8016,1.47919,-108.198
4,3420,251.93,89.9901,0,0,1.47911,71.7956,1.47911,-108.204
4,3480,251.948,89.9886,0,0,1.47901,71.7939,1.47901,-108.206
4,3540,251.953,89.9824,0,0,1.47897,71.7879,1.47897,-108.212
5,0,251.906,89.9691,0,0,1.47923,71.775,1.47923,-108.225
5,60,251.922,89.964,0,0,1.47915,71.7695,1.47915,-108.231
5,120,251.973,89.9689,0,0,1.47886,71.7737,1.47886,-108.226
5,180,251.976,89.9694,0,0,1.47884,71.7745,1.47884,-108.226
5,240,251.983,89.9612,0,0,1.47879,71.7668,1.47879,-108.233
5,300,251.953,89.9518,0,0,1.47897,71.7575,1.47897,-108.242
5,360,251.951,89.9549,0,0,1.47899,71.7598,1.47899,-108.24
5,420,251.894,89.9583,0,0,1.47931,71.7631,1.47931,-108.237
5,480,251.874,89.959,0,0,1.47943,71.764,1.47943,-108.236
5,540,251.814,89.9578,0,0,1.47977,71.763,1.47977,-108.237
5,600,251.822,89.9633,0,0,1.47975,71.7681,1.47975,-108.232
5,660,251.717,89.9674,0,0,2.05741,71.7723,2.05741,-108.228
5,720,251.763,89.9662,0,0,1.69333,71.7714,1.69333,-108.229
5,780,251.837,89.9733,0,0,1.18708,71.7779,1.18708,-108.222
5,840,251.833,89.9772,0,0,1.18708,71.7821,1.18708,-108.218
5,900,251.931,89.978,0,0,1.18664,71.7832,1.18664,-108.217
5,960,251.902,89.9769,0,0,1.18675,71.7821,1.18675,-108.218
5,1020,251.909,89.9728,0,0,1.18673,71.7782,1.18673,-108.222
5,1080,251.877,89.9734,0,0,1.18687,71.7785,1.18687,-108.222
5,1140,251.833,89.9814,0,0,1.35427,71.7861,1.35427,-108.214
5,1200,251.773,89.9829,0,0,1.35459,71.7879,1.35459,-108.212
5,1260,251.728,89.9918,0,0,1.18757,71.7964,1.18757,-108.204
5,1320,251.728,89.9919,0,0,1.18758,71.797,1.18758,-108.203
5,1380,251.711,89.9947,0,0,1.73131,71.7998,1.73131,-108.2
5,1440,251.659,89.9986,0,0,2.23778,71.8035,2.23778,-108.197
5,1500,251.63,90.0053,0,0,2.23803,71.81,2.23803,-108.19
5,1560,251.603,90.0141,0,0,2.28848,71.8187,2.28848,-108.181
5,1620,250.642,90.0486,0,0,10.4741,71.8536,10.4741,-108.146
5,1680,250.588,90.0527,0,0,10.4763,71.8576,10.4763,-108.142
5,1740,250.652,90.0516,0,0,10.4738,71.8569,10.4738,-108.143
5,1800,251.66,90.027,0,0,2.22524,71.8322,2.22524,-108.168
5,1860,251.812,90.0237,0,0,2.22392,71.8292,2.22392,-108.171
5,1920,251.822,90.0272,0,0,2.17364,71.8321,2.17364,-108.168
5,1980,251.766,90.0248,0,0,2.17409,71.83,2.17409,-108.17
5,2040,252.102,90.0915,0,0,2.17123,71.8965,2.17123,-108.104
5,2100,252.095,90.1006,0,0,2.17128,71.9052,2.17128,-108.095
5,2160,252.138,90.1023,0,0,2.17092,71.9074,2.17092,-108.093
5,2220,251.754,90.0381,0,0,2.25783,71.8434,2.25783,-108.157
5,2280,251.754,90.0416,0,0,2.25785,71.8465,2.25785,-108.153
5,2340,251.683,90.0456,0,0,2.25846,71.8504,2.25846,-108.15
5,2400,251.676,90.0511,0,0,2.50532,71.8559,2.50532,-108.144
5,2460,251.592,90.0607,0,0,2.50613,71.8652,2.50613,-108.135
5,2520,251.665,90.0583,0,0,2.50544,71.8636,2.50544,-108.136
5,2580,251.453,90.07,0,0,3.87215,71.8744,3.87215,-108.126
5,2640,251.261,90.0771,0,0,3.87509,71.8816,3.87509,-108.118
5,2700,251.134,90.0726,0,0,3.87706,71.8779,3.87706,-108.122
5,2760,251.17,90.0721,0,0,3.87662,71.8773,3.87662,-108.123
5,2820,251.392,90.069,0,0,2.50821,71.8744,2.50821,-108.126
5,2880,251.435,90.0689,0,0,2.50773,71.8741,2.50773,-108.126
5,2940,251.46,90.0739,0,0,2.50748,71.8788,2.50748,-108.121
5,3000,251.426,90.0628,0,0,2.50778,71.8685,2.50778,-108.132
5,3060,251.377,90.0608,0,0,2.50827,71.866,2.50827,-108.134
5,3120,251.372,90.0608,0,0,2.50833,71.866,2.50833,-108.134
5,3180,251.381,90.0508,0,0,2.50825,71.8566,2.50825,-108.143
5,3240,251.298,90.0441,0,0,2.76035,71.8496,2.76035,-108.15
5,3300,251.209,89.9556,0,0,4.12741,71.761,4.12741,-108.239
5,3360,251.213,89.952,0,0,3.87593,71.7573,3.87593,-108.243
5,3420,251.341,89.9548,0,0,3.62275,71.7599,3.62275,-108.24
5,3480,250.32,90.0754,0,0,11.8248,71.8801,11.8248,-108.12
5,3540,250.617,90.0642,0,0,10.442,71.8702,10.442,-108.13
6,0,250.704,90.0512,0,0,9.6823,71.857,9.6823,-108.143
6,60,251.91,90.0745,0,0,1.50013,71.8796,1.50013,-108.12
6,120,251.873,90.0712,0,0,1.50033,71.8765,1.50033,-108.124
6,180,251.921,90.0655,0,0,1.56273,71.871,1.56273,-108.129
6,240,251.564,90.0041,0,0,2.30557,71.8094,2.30557,-108.191
6,300,251.689,89.9915,0,0,2.30447,71.7977,2.30447,-108.202
6,360,251.67,89.9914,0,0,2.3046,71.7965,2.3046,-108.203
6,420,251.66,89.9911,0,0,2.472,71.7963,2.472,-108.204
6,480,251.638,89.9943,0,0,2.47223,71.7992,2.47223,-108.201
6,540,251.642,89.9977,0,0,2.09571,71.8026,2.09571,-108.197
6,600,251.626,89.9862,0,0,2.09583,71.792,2.09583,-108.208
6,660,251.656,89.974,0,0,2.72302,71.78,2.72302,-108.22
6,720,251.703,89.9731,0,0,2.34613,71.7783,2.34613,-108.222
6,780,251.705,89.9794,0,0,2.34611,71.7841,2.34611,-108.216
6,840,251.741,89.9791,0,0,2.05308,71.7842,2.05308,-108.216
6,900,251.806,89.9848,0,0,2.05257,71.7897,2.05257,-108.21
6,960,251.854,89.9756,0,0,2.05216,71.7813,2.05216,-108.219
6,1020,251.872,89.9623,0,0,2.05201,71.7683,2.05201,-108.232
6,1080,251.802,89.9663,0,0,2.05254,71.7711,2.05254,-108.229
6,1140,251.779,89.9625,0,0,1.88551,71.7677,1.88551,-108.232
6,1200,251.739,89.9633,0,0,1.88582,71.7684,1.88582,-108.232
6,1260,251.69,89.9682,0,0,2.39224,71.773,2.39224,-108.227
6,1320,251.705,89.9608,0,0,2.39211,71.7664,2.39211,-108.234
6,1380,251.71,89.9544,0,0,2.39206,71.76,2.39206,-108.24
6,1440,251.757,89.952,0,0,2.14075,71.7573,2.14075,-108.243
6,1500,251.841,89.966,0,0,2.14007,71.7705,2.14007,-108.23
6,1560,251.918,89.9614,0,0,1.3998,71.7669,1.3998,-108.233
6,1620,251.534,89.9793,0,0,1.69478,71.783,1.69478,-108.217
6,1680,251.724,90.0025,0,0,1.69359,71.8076,1.69359,-108.192
6,1740,251.726,89.9931,0,0,1.69357,71.7988,1.69357,-108.201
6,1800,251.699,89.9942,0,0,1.69374,71.7993,1.69374,-108.201
6,1860,251.577,89.9561,0,0,1.40168,71.7614,1.40168,-108.239
6,1920,251.594,89.9633,0,0,1.4016,71.768,1.4016,-108.232
6,1980,251.583,89.9694,0,0,1.69453,71.7742,1.69453,-108.226
6,2040,251.594,89.9774,0,0,1.69447,71.7821,1.69447,-108.218
6,2100,251.478,89.9762,0,0,1.69521,71.7813,1.69521,-108.219
6,2160,251.456,89.9771,0,0,2.114,71.7822,2.114,-108.218
6,2220,250.764,89.9907,0,0,2.11983,71.7956,2.11983,-108.204
6,2280,250.763,90.0003,0,0,2.11985,71.8049,2.11985,-108.195
6,2340,250.74,90.0103,0,0,2.03188,71.8147,2.03188,-108.185
6,2400,250.732,90.0156,0,0,2.03195,71.8204,2.03195,-108.18
6,2460,250.759,90.0169,0,0,2.03174,71.8219,2.03174,-108.178
6,2520,250.741,90.0126,0,0,2.03186,71.818,2.03186,-108.182
6,2580,250.795,90.0114,0,0,1.61173,71.8166,1.61173,-108.183
6,2640,250.703,90.0237,0,0,2.17071,71.8281,2.17071,-108.172
6,2700,250.725,90.0249,0,0,2.17056,71.83,2.17056,-108.17
6,2760,250.724,90.0217,0,0,2.17055,71.827,2.17055,-108.173
6,2820,250.734,90.0234,0,0,2.17048,71.8285,2.17048,-108.172
6,2880,250.776,90.0294,0,0,2.17013,71.8342,2.17013,-108.166
6,2940,250.781,90.0298,0,0,2.17007,71.8351,2.17007,-108.165
6,3000,251.684,90.2165,0,0,2.16234,72.0207,2.16234,-107.979
6,3060,251.682,90.2249,0,0,1.74405,72.0295,1.74405,-107.971
6,3120,251.644,90.2171,0,0,1.99529,72.0227,1.99529,-107.977
6,3180,250.568,90.0371,0,0,2.75998,71.8427,2.75998,-108.157
6,3240,250.531,90.0359,0,0,2.76044,71.841,2.76044,-108.159
6,3300,248.724,90.0851,0,0,16.6913,71.89,16.6913,-108.11
6,3360,248.838,89.9848,0,0,16.4301,71.7903,16.4301,-108.21
6,3420,247.439,89.9923,0,0,16.6928,71.7972,16.6928,-108.203
6,3480,247.596,89.8971,0,0,16.6826,71.7025,16.6826,-108.297
6,3540,247.758,89.8845,0,0,15.2869,71.6904,15.2869,-108.31
7,0,249.876,89.8701,0,0,15.1572,71.6757,15.1572,-108.324
7,60,249.765,89.9672,0,0,15.3323,71.772,15.3323,-108.228
7,120,249.644,89.9548,0,0,15.3392,71.7604,15.3392,-108.24
7,180,249.598,89.9642,0,0,15.2793,71.7688,15.2793,-108.231
7,240,249.625,89.9681,0,0,15.2777,71.7731,15.2777,-108.227
7,300,249.794,90.0144,0,0,15.2674,71.8195,15.2674,-108.181
7,360,249.8,90.0138,0,0,15.267,71.819,15.267,-108.181
7,420,246.307,90.1534,0,0,15.4827,71.9577,15.4827,-108.042
7,480,246.091,90.1154,0,0,15.4969,71.9205,15.4969,-108.079
7,540,246.185,90.1231,0,0,15.4916,71.928,15.4916,-108.072
7,600,251.266,90.3134,0,0,15.1788,72.1179,15.1788,-107.882
7,660,251.253,90.3052,0,0,15.1786,72.1108,15.1786,-107.889
7,720,251.259,90.2985,0,0,15.1783,72.104,15.1783,-107.896
7,780,250.379,90.0986,0,0,14.4746,71.9043,14.4746,-108.096
7,840,250.35,90.0974,0,0,14.4764,71.9026,14.4764,-108.097
7,900,251.845,90.0609,0,0,2.52036,71.8662,2.52036,-108.134
7,960,251.36,90.0886,0,0,2.52519,71.8935,2.52519,-108.106
7,1020,251.316,90.094,0,0,2.52564,71.8988,2.52564,-108.101
7,1080,251.28,90.0968,0,0,2.526,71.9017,2.526,-108.098
7,1140,251.699,90.1776,0,0,2.52183,71.9825,2.52183,-108.018
7,1200,251.825,90.1945,0,0,2.52066,71.998,2.52066,-108.002
7,1260,251.888,90.1799,0,0,0.739677,71.9857,0.739677,-108.014
7,1320,251.979,89.6798,0,0,0.739408,71.4873,0.739408,-108.513
7,1380,252.011,89.6663,0,0,0.739314,71.4727,0.739314,-108.527
7,1440,251.969,89.6675,0,0,0.739434,71.4725,0.739434,-108.528
7,1500,247.838,90.1725,0,0,0.751729,71.976,0.751729,-108.024
7,1560,247.792,90.1766,0,0,0.751899,71.9815,0.751899,-108.019
7,1620,248.009,89.7608,0,0,0.751247,71.5661,0.751247,-108.434
7,1680,251.764,89.6806,0,0,0.740056,71.4867,0.740056,-108.513
7,1740,251.742,89.6692,0,0,0.740103,71.4751,0.740103,-108.525
7,1800,251.35,90.0044,0,0,0.741262,71.8082,0.741262,-108.192
7,1860,251.297,89.963,0,0,0.741407,71.7708,0.741407,-108.229
7,1920,251.365,89.9652,0,0,0.741224,71.7703,0.741224,-108.23
7,1980,251.459,89.9513,0,0,0.234423,71.7573,0.234423,-108.243
7,2040,251.443,89.9865,0,0,0.234436,71.7893,0.234436,-108.211
7,2100,251.508,89.9908,0,0,0.234378,71.7958,0.234378,-108.204
7,2160,251.447,89.9884,0,0,0.23443,71.7936,0.23443,-108.206
7,2220,251.41,89.9764,0,0,0.234464,71.7823,0.234464,-108.218
7,2280,251.288,89.9796,0,0,0.234577,71.7845,0.234577,-108.216
7,2340,251.411,89.9026,0,0,0.234466,71.7082,0.234466,-108.292
7,2400,251.54,89.8643,0,0,0.23435,71.6722,0.23435,-108.328
7,2460,251.427,89.8655,0,0,1.60764,71.6705,1.60764,-108.329
7,2520,251.674,90.0295,0,0,1.6061,71.8341,1.6061,-108.166
7,2580,251.64,90.038,0,0,1.68996,71.8426,1.68996,-108.157
7,2640,251.792,89.6976,0,0,2.59613,71.503,2.59613,-108.497
7,2700,250.411,89.6606,0,0,10.7948,71.4656,10.7948,-108.534
7,2760,250.562,89.6611,0,0,10.7046,71.4664,10.7046,-108.534
7,2820,250.22,90.0077,0,0,10.719,71.8115,10.719,-108.188
7,2880,251.28,89.9805,0,0,2.51765,71.7858,2.51765,-108.214
7,2940,249.583,90.0155,0,0,10.898,71.8204,10.898,-108.18
7,3000,249.469,90.0046,0,0,10.9028,71.8104,10.9028,-108.19
7,3060,249.926,90.1048,0,0,10.8833,71.9096,10.8833,-108.09
7,3120,249.344,90.1194,0,0,10.9719,71.9245,10.9719,-108.076
7,3180,249.321,90.1309,0,0,11.2263,71.9354,11.2263,-108.065
7,3240,249.476,90.0417,0,0,11.2193,71.8471,11.2193,-108.153
7,3300,250.089,90.0258,0,0,11.1918,71.831,11.1918,-108.169
7,3360,250.19,89.9886,0,0,11.1875,71.7962,11.1875,-108.204
7,3420,246.938,90.1353,0,0,11.3342,71.9397,11.3342,-108.06
7,3480,246.345,90.1361,0,0,11.3618,71.9412,11.3618,-108.059
7,3540,246.362,90.1715,0,0,11.3612,71.9751,11.3612,-108.025
8,0,249.649,90.1205,0,0,11.2118,71.926,11.2118,-108.074
8,60,249.364,90.1898,0,0,11.2244,71.9947,11.2244,-108.005
8,120,249.434,90.1897,0,0,11.2214,71.9949,11.2214,-108.005
8,180,249.059,90.1295,0,0,11.238,71.9348,11.238,-108.065
8,240,249.537,90.0068,0,0,12.1446,71.8125,12.1446,-108.188
8,300,250.616,90.2308,0,0,12.1767,72.035,12.1767,-107.965
8,360,250.253,90.2816,0,0,11.2812,72.0865,11.2812,-107.914
8,420,250.279,90.2968,0,0,11.2801,72.101,11.2801,-107.899
8,480,249.127,90.0624,0,0,11.3319,71.8681,11.3319,-108.132
8,540,249.701,90.0092,0,0,11.3062,71.8147,11.3062,-108.185
8,600,250.635,89.9688,0,0,3.4439,71.7741,3.4439,-108.226
8,660,250.097,89.8885,0,0,3.45126,71.6937,3.45126,-108.306
8,720,250.172,89.899,0,0,3.45033,71.7037,3.45033,-108.296
8,780,251.294,90.082,0,0,3.43486,71.8871,3.43486,-108.113
8,840,251.289,90.096,0,0,3.43495,71.9002,3.43495,-108.1
8,900,250.672,90.1223,0,0,3.44337,71.9272,3.44337,-108.073
8,960,249.427,89.8925,0,0,3.46046,71.6982,3.46046,-108.302
8,1020,250.67,90.1321,0,0,3.44354,71.936,3.44354,-108.064
8,1080,251.206,90.1206,0,0,3.1849,71.927,3.1849,-108.073
8,1140,251.147,90.1354,0,0,3.18534,71.9395,3.18534,-108.061
8,1200,249.97,89.9041,0,0,3.03187,71.7097,3.03187,-108.29
8,1260,249.922,89.8959,0,0,3.03249,71.7014,3.03249,-108.299
8,1320,249.814,89.9007,0,0,3.20232,71.7054,3.20232,-108.295
8,1380,249.544,89.931,0,0,3.03703,71.7338,3.03703,-108.266
8,1440,249.585,90.0322,0,0,2.27747,71.8369,2.27747,-108.163
8,1500,249.592,90.03,0,0,2.27741,71.8353,2.27741,-108.165
8,1560,249.856,90.022,0,0,2.27511,71.8281,2.27511,-108.172
8,1620,250.63,89.9979,0,0,2.26798,71.8032,2.26798,-108.197
8,1680,250.73,90.0011,0,0,1.75911,71.806,1.75911,-108.194
8,1740,250.77,90.007,0,0,1.7588,71.8117,1.7588,-108.188
8,1800,251.142,89.6661,0,0,1.75619,71.4714,1.75619,-108.529
8,1860,251.207,89.6723,0,0,0.536355,71.4768,0.536355,-108.523
8,1920,251.17,89.6676,0,0,0.536435,71.473,0.536435,-108.527
8,1980,250.915,89.9967,0,0,0.536983,71.8005,0.536983,-108.2
8,2040,251.178,89.7934,0,0,0.536419,71.5995,0.536419,-108.4
8,2100,252.111,89.8431,0,0,0.53444,71.6482,0.53444,-108.352
8,2160,252.073,89.8469,0,0,0.534517,71.6517,0.534517,-108.348
8,2220,251.904,90.0693,0,0,0.534876,71.8736,0.534876,-108.126
8,2280,251.648,90.0247,0,0,0.535416,71.83,0.535416,-108.17
8,2340,251.595,90.0233,0,0,0.535527,71.8284,0.535527,-108.172
8,2400,251.815,89.9345,0,0,0.535063,71.7401,0.535063,-108.26
8,2460,251.641,89.9433,0,0,0.535419,71.7476,0.535419,-108.252
8,2520,251.699,89.8587,0,0,0.535308,71.6643,0.535308,-108.336
8,2580,251.711,89.8507,0,0,0.535282,71.6564,0.535282,-108.344
8,2640,251.573,89.8146,0,0,0.535576,71.6198,0.535576,-108.38
8,2700,251.644,89.7193,0,0,0.535426,71.5249,0.535426,-108.475
8,2760,251.702,89.7044,0,0,0.535303,71.5106,0.535303,-108.489
8,2820,250.557,89.7326,0,0,0.537745,71.5375,0.537745,-108.463
8,2880,250.421,89.8174,0,0,0.538041,71.6222,0.538041,-108.378
8,2940,249.826,89.8304,0,0,0.53932,71.6354,0.53932,-108.365
8,3000,249.877,89.8268,0,0,0.539217,71.6322,0.539217,-108.368
8,3060,249.168,89.846,0,0,0.540743,71.6509,0.540743,-108.349
8,3120,249.68,89.8295,0,0,0.539683,71.6363,0.539683,-108.364
8,3180,249.638,89.843,0,0,0.539724,71.6472,0.539724,-108.353
8,3240,250.331,89.8371,0,0,0.538237,71.6424,0.538237,-108.358
8,3300,250.36,89.826,0,0,0.53817,71.6318,0.53817,-108.368
8,3360,250.389,89.8119,0,0,0.538112,71.618,0.538112,-108.382
8,3420,250.421,89.7727,0,0,0.538042,71.5781,0.538042,-108.422
8,3480,250.691,89.8074,0,0,0.537465,71.6125,0.537465,-108.388
8,3540,250.693,89.8084,0,0,0.537458,71.6135,0.537458,-108.387
9,0,250.58,89.8916,0,0,0.537699,71.6963,0.537699,-108.304
9,60,249.871,89.7997,0,0,1.28486,71.605,1.28486,-108.395
9,120,249.82,89.7936,0,0,1.28512,71.599,1.28512,-108.401
9,180,251.101,89.8152,0,0,1.27859,71.6204,1.27859,-108.38
9,240,251.65,89.81,0,0,1.27589,71.6162,1.27589,-108.384
9,300,251.971,89.785,0,0,1.27417,71.5903,1.27417,-108.41
9,360,248.074,89.7161,0,0,1.29412,71.5208,1.29412,-108.479
9,420,248.12,89.7065,0,0,1.29395,71.5122,1.29395,-108.488
9,480,248.066,89.7356,0,0,1.29421,71.5394,1.29421,-108.461
9,540,252.12,89.8011,0,0,1.27345,71.6064,1.27345,-108.394
9,600,251.82,89.709,0,0,1.27493,71.5147,1.27493,-108.485
9,660,251.765,89.7376,0,0,1.27521,71.5425,1.27521,-108.457
9,720,250.827,89.7613,0,0,2.03536,71.5662,2.03536,-108.434
9,780,250.642,89.6256,0,0,2.78023,71.4313,2.78023,-108.569
9,840,250.699,89.6125,0,0,2.7796,71.4186,2.7796,-108.581
9,900,251.754,89.5398,0,0,2.02789,71.3455,2.02789,-108.655
9,960,251.711,89.5041,0,0,2.02822,71.3095,2.02822,-108.691
9,1020,251.765,89.5044,0,0,2.0278,71.3096,2.0278,-108.69
9,1080,251.633,89.5483,0,0,2.53502,71.3531,2.53502,-108.647
9,1140,251.715,89.5679,0,0,2.53422,71.3715,2.53422,-108.629
9,1200,251.715,89.5649,0,0,2.53419,71.3703,2.53419,-108.63
9,1260,251.735,89.5597,0,0,2.534,71.3653,2.534,-108.635
9,1320,251.788,89.4951,0,0,2.53346,71.3007,2.53346,-108.699
9,1380,251.866,89.4985,0,0,1.79295,71.3034,1.79295,-108.697
9,1440,253.217,89.7829,0,0,1.78337,71.5878,1.78337,-108.412
9,1500,252.963,89.7224,0,0,1.78515,71.5278,1.78515,-108.472
9,1560,253.32,89.1696,0,0,2.51814,70.9752,2.51814,-109.025
9,1620,252.01,88.8808,0,0,2.53118,70.687,2.53118,-109.313
9,1680,252.212,88.8006,0,0,1.79048,70.6069,1.79048,-109.393
9,1740,251.777,89.2907,0,0,1.79357,71.0956,1.79357,-108.904
9,1800,251.476,89.3669,0,0,1.79571,71.1711,1.79571,-108.829
9,1860,251.434,89.4361,0,0,1.79601,71.2409,1.79601,-108.759
9,1920,251.607,89.4287,0,0,1.04175,71.2345,1.04175,-108.765
9,1980,252.14,89.4631,0,0,1.03959,71.2663,1.03959,-108.734
9,2040,252.021,89.6196,0,0,1.04002,71.4238,1.04002,-108.576
9,2100,252.053,89.6266,0,0,1.03989,71.4313,1.03989,-108.569
9,2160,252.119,89.6734,0,0,0.534419,71.4782,0.534419,-108.522
9,2220,252.127,89.6749,0,0,0.534402,71.48,0.534402,-108.52
9,2280,252.113,89.7421,0,0,0.53443,71.5469,0.53443,-108.453
9,2340,252.049,89.7439,0,0,1.27377,71.549,1.27377,-108.451
9,2400,252.08,89.6496,0,0,1.27361,71.4551,1.27361,-108.545
9,2460,252.199,89.619,0,0,0.534249,71.4243,0.534249,-108.576
9,2520,252.136,89.6238,0,0,0.534377,71.4284,0.534377,-108.572
9,2580,250.342,89.7502,0,0,0.538202,71.5545,0.538202,-108.445
9,2640,249.93,89.8047,0,0,0.539098,71.6095,0.539098,-108.39
9,2700,250.043,89.7998,0,0,0.538867,71.6053,0.538867,-108.395
9,2760,250.835,89.8535,0,0,0.537159,71.6586,0.537159,-108.341
9,2820,250.764,89.8217,0,0,0.537302,71.6288,0.537302,-108.371
9,2880,250.346,89.7366,0,0,0.5382,71.542,0.5382,-108.458
9,2940,250.041,89.6751,0,0,0.538855,71.4803,0.538855,-108.52
9,3000,250.119,89.7231,0,0,0.538691,71.528,0.538691,-108.472
9,3060,250.058,89.7571,0,0,0.538819,71.5607,0.538819,-108.439
9,3120,249.866,89.7766,0,0,1.28486,71.5803,1.28486,-108.42
9,3180,249.773,89.7766,0,0,1.28536,71.5816,1.28536,-108.418
9,3240,250.073,89.2642,0,0,2.62239,71.0696,2.62239,-108.93
9,3300,250.195,89.1684,0,0,2.62112,70.9743,2.62112,-109.026
9,3360,250.227,89.1786,0,0,2.6208,70.983,2.6208,-109.017
9,3420,249.03,89.7263,0,0,2.63336,71.5292,2.63336,-108.471
9,3480,249.017,89.826,0,0,2.63351,71.6308,2.63351,-108.369
9,3540,249.234,89.8451,0,0,0.236515,71.6502,0.236515,-108.35
10,0,249.67,89.8176,0,0,0.236101,71.6229,0.236101,-108.377
10,60,249.329,89.7659,0,0,0.236422,71.5711,0.236422,-108.429
10,120,249.691,89.755,0,0,0.236095,71.5614,0.236095,-108.439
10,180,250.656,89.7372,0,0,0.235174,71.5425,0.235174,-108.457
10,240,250.656,89.7372,0,0,0.235173,71.5423,0.235173,-108.458
10,300,250.744,89.6695,0,0,0.23509,71.475,0.23509,-108.525
10,360,250.607,89.7699,0,0,0.235218,71.5746,0.235218,-108.425
10,420,250.932,89.8402,0,0,0.234915,71.6452,0.234915,-108.355
10,480,250.784,89.837,0,0,0.977967,71.6422,0.977967,-108.358
10,540,250.727,89.8315,0,0,0.978201,71.6369,0.978201,-108.363
10,600,249.879,89.7638,0,0,0.98152,71.5689,0.98152,-108.431
10,660,249.742,89.7788,0,0,0.982046,71.5829,0.982046,-108.417
10,720,250.586,89.6668,0,0,0.978763,71.4725,0.978763,-108.528
10,780,250.6,89.6636,0,0,0.978707,71.469,0.978707,-108.531
10,840,251.141,89.6557,0,0,0.976669,71.4621,0.976669,-108.538
10,900,251.09,89.7502,0,0,0.976794,71.555,0.976794,-108.445
10,960,251.251,89.7565,0,0,0.976195,71.5614,0.976195,-108.439
10,1020,250.215,89.7754,0,0,0.9802,71.5803,0.9802,-108.42
10,1080,250.273,89.7108,0,0,0.979982,71.5163,0.979982,-108.484
10,1140,250.229,89.6716,0,0,0.980155,71.4769,0.980155,-108.523
10,1200,250.662,89.1821,0,0,0.978463,70.9876,0.978463,-109.012
10,1260,250.6,89.2458,0,0,0.978703,71.0504,0.978703,-108.95
10,1320,250.555,89.2491,0,0,0.978873,71.0538,0.978873,-108.946
10,1380,250.421,89.7824,0,0,0.979409,71.5854,0.979409,-108.415
10,1440,250.439,89.788,0,0,0.979336,71.5929,0.979336,-108.407
10,1500,250.442,89.7884,0,0,0.979322,71.5935,0.979322,-108.406
10,1560,250.418,89.9397,0,0,0.979418,71.7443,0.979418,-108.256
10,1620,250.418,89.9374,0,0,0.979415,71.7427,0.979415,-108.257
10,1680,250.385,89.9388,0,0,0.979544,71.7438,0.979544,-108.256
10,1740,250.325,89.9473,0,0,1.73668,71.752,1.73668,-108.248
10,1800,250.474,89.9556,0,0,0.991833,71.7601,0.991833,-108.24
10,1860,250.652,89.9435,0,0,0.991125,71.7495,0.991125,-108.25
10,1920,250.623,89.9494,0,0,0.991208,71.7542,0.991208,-108.246
10,1980,250.407,89.9323,0,0,0.992023,71.7385,0.992023,-108.261
10,2040,250.411,89.9263,0,0,0.992054,71.7319,0.992054,-108.268
10,2100,250.382,89.9216,0,0,0.992158,71.7269,0.992158,-108.273
10,2160,250.461,89.9216,0,0,0.991865,71.7268,0.991865,-108.273
10,2220,252.128,89.8697,0,0,0.985308,71.6752,0.985308,-108.325
10,2280,251.611,89.9231,0,0,0.987324,71.728,0.987324,-108.272
10,2340,251.329,89.8672,0,0,0.988425,71.6725,0.988425,-108.328
10,2400,251.503,89.6959,0,0,0.987748,71.5017,0.987748,-108.498
10,2460,252.286,89.6814,0,0,0.984682,71.4866,0.984682,-108.513
10,2520,252.086,89.6409,0,0,0.985459,71.4462,0.985459,-108.554
10,2580,251.586,89.7061,0,0,0.987419,71.511,0.987419,-108.489
10,2640,247.869,89.7642,0,0,1.00219,71.5685,1.00219,-108.431
10,2700,247.881,89.7698,0,0,1.00218,71.5746,1.00218,-108.425
10,2760,248.279,89.8054,0,0,1.00064,71.6091,1.00064,-108.391
10,2820,250.781,89.743,0,0,0.990605,71.5487,0.990605,-108.451
10,2880,250.773,89.7505,0,0,0.990623,71.5551,0.990623,-108.445
10,2940,250.867,89.7524,0,0,0.234978,71.5574,0.234978,-108.443
10,3000,250.959,89.7427,0,0,0.234891,71.5485,0.234891,-108.451
10,3060,250.893,89.809,0,0,0.23495,71.6138,0.23495,-108.386
10,3120,250.822,89.812,0,0,0.235014,71.6169,0.235014,-108.383
10,3180,250.819,89.8309,0,0,0.235021,71.6349,0.235021,-108.365
10,3240,250.819,89.8309,0,0,0.235019,71.636,0.235019,-108.364
10,3300,250.907,89.8508,0,0,0.234941,71.6547,0.234941,-108.345
10,3360,251.44,89.9749,0,0,0.234442,71.7797,0.234442,-108.22
10,3420,251.398,89.9745,0,0,0.234476,71.7796,0.234476,-108.22
10,3480,251.395,89.9782,0,0,0.234481,71.7831,0.234481,-108.217
10,3540,250.764,89.8883,0,0,0.235069,71.6936,0.235069,-108.306
11,0,250.619,90.0043,0,0,0.235208,71.809,0.235208,-108.191
11,60,250.629,89.9894,0,0,0.235197,71.7953,0.235197,-108.205
11,120,250.665,89.986,0,0,0.235167,71.7914,0.235167,-108.209
11,180,250.697,89.9775,0,0,0.235135,71.7832,0.235135,-108.217
11,240,250.251,89.988,0,0,0.235537,71.7921,0.235537,-108.208
11,300,250.29,89.9936,0,0,0.235518,71.7985,0.235518,-108.201
11,360,250.362,89.9889,0,0,0.235451,71.7945,0.235451,-108.206
11,420,252.054,89.9177,0,0,0.23387,71.7233,0.23387,-108.277
11,480,252.577,90.1763,0,0,0.233385,71.9813,0.233385,-108.019
11,540,252.634,90.187,0,0,0.233334,71.9915,0.233334,-108.008
11,600,252.387,90.1792,0,0,0.233548,71.9848,0.233548,-108.015
11,660,251.903,89.9387,0,0,0.234004,71.7447,0.234004,-108.255
11,720,252.059,89.9696,0,0,0.233864,71.7747,0.233864,-108.225
11,780,252.108,89.9635,0,0,0.233819,71.7691,0.233819,-108.231
11,840,252.312,89.9704,0,0,0.233637,71.7753,0.233637,-108.225
11,900,252.114,89.9411,0,0,0.233801,71.748,0.233801,-108.252
11,960,252.82,90.0619,0,0,0.233162,71.8666,0.233162,-108.133
11,1020,252.791,90.0537,0,0,0.233183,71.8594,0.233183,-108.141
11,1080,252.768,90.0317,0,0,0.233207,71.8382,0.233207,-108.162
11,1140,252.726,90.0227,0,0,0.233243,71.8284,0.233243,-108.172
11,1200,252.699,90.0071,0,0,0.23327,71.8132,0.23327,-108.187
11,1260,252.919,90.0296,0,0,0.233069,71.8346,0.233069,-108.165
11,1320,252.935,90.0327,0,0,0.233055,71.8376,0.233055,-108.162
11,1380,252.909,90.0587,0,0,0.233077,71.8623,0.233077,-108.138
11,1440,252.88,90.0029,0,0,0.233104,71.8082,0.233104,-108.192
11,1500,252.72,90.0334,0,0,0.233247,71.8364,0.233247,-108.164
11,1560,252.613,90.0352,0,0,0.233348,71.8402,0.233348,-108.16
11,1620,249.544,90.1528,0,0,0.236215,71.9574,0.236215,-108.043
11,1680,249.482,90.1497,0,0,0.236277,71.9549,0.236277,-108.045
11,1740,249.486,90.1446,0,0,0.236275,71.9501,0.236275,-108.05
11,1800,252.572,90.09,0,0,0.233392,71.8955,0.233392,-108.105
11,1860,252.374,90.1055,0,0,1.36386,71.9095,1.36386,-108.09
11,1920,252.429,90.1062,0,0,1.36361,71.9113,1.36361,-108.089
11,1980,252.335,90.1074,0,0,1.86883,71.9124,1.86883,-108.088
11,2040,252.196,90.11,0,0,1.86985,71.9148,1.86985,-108.085
11,2100,252.456,90.1312,0,0,1.86798,71.9363,1.86798,-108.064
11,2160,252.411,90.1331,0,0,2.60644,71.9381,2.60644,-108.062
11,2220,252.142,90.0707,0,0,2.60921,71.876,2.60921,-108.124
11,2280,252.317,90.1057,0,0,2.60742,71.9107,2.60742,-108.089
11,2340,252.307,90.0992,0,0,2.60751,71.9047,2.60751,-108.095
11,2400,252.405,90.097,0,0,2.60654,71.9024,2.60654,-108.098
11,2460,252.152,90.0712,0,0,2.60911,71.8764,2.60911,-108.124
11,2520,250.998,90.0962,0,0,2.6211,71.9011,2.6211,-108.099
11,2580,251.166,89.9722,0,0,2.61936,71.7778,2.61936,-108.222
11,2640,250.035,89.9947,0,0,11.4004,71.7997,11.4004,-108.2
11,2700,250.052,89.9937,0,0,11.3998,71.799,11.3998,-108.201
11,2760,249.564,89.9765,0,0,11.421,71.7822,11.421,-108.218
11,2820,249.647,89.9747,0,0,11.4184,71.7801,11.4184,-108.22
11,2880,249.511,89.9649,0,0,11.4241,71.7705,11.4241,-108.23
11,2940,249.967,89.9848,0,0,12.1626,71.7893,12.1626,-108.211
11,3000,249.419,89.9761,0,0,12.1883,71.7811,12.1883,-108.219
11,3060,250.057,89.9704,0,0,11.69,71.7757,11.69,-108.224
11,3120,250.189,90.0021,0,0,11.6207,71.8071,11.6207,-108.193
11,3180,250.159,90.0097,0,0,11.622,71.8143,11.622,-108.186
11,3240,248.551,90.0619,0,0,24.2371,71.8668,24.2371,-108.133
11,3300,248.588,90.0557,0,0,24.2339,71.8613,24.2339,-108.139
11,3360,248.624,90.0626,0,0,24.2306,71.8674,24.2306,-108.133
11,3420,248.608,90.0711,0,0,24.2317,71.8756,24.2317,-108.124
11,3480,248.806,90.0376,0,0,23.4644,71.8448,23.4644,-108.155
11,3540,248.142,90.0409,0,0,23.7807,71.8459,23.7807,-108.154
12,0,248.177,90.0366,0,0,23.5232,71.842,23.5232,-108.158
12,60,251.174,89.9897,0,0,0.989054,71.795,0.989054,-108.205
12,120,253.022,89.8657,0,0,0.981823,71.6717,0.981823,-108.328
12,180,252.934,89.9884,0,0,0.98216,71.7931,0.98216,-108.207
12,240,253.141,90.0421,0,0,0.98136,71.8469,0.98136,-108.153
12,300,252.92,89.894,0,0,0.982204,71.6998,0.982204,-108.3
12,360,252.91,89.903,0,0,0.982251,71.7076,0.982251,-108.292
12,420,252.831,89.9031,0,0,0.982563,71.7087,0.982563,-108.291
12,480,252.998,89.9419,0,0,0.981916,71.7468,0.981916,-108.253
12,540,252.399,89.9413,0,0,0.233548,71.7464,0.233548,-108.254
12,600,252.599,90.0346,0,0,0.233365,71.8392,0.233365,-108.161
12,660,252.659,90.173,0,0,0.233309,71.9776,0.233309,-108.022
12,720,253.346,90.1601,0,0,0.232676,71.9653,0.232676,-108.035
12,780,253.447,90.1609,0,0,0.232586,71.966,0.232586,-108.034
12,840,253.439,90.1592,0,0,0.232589,71.9645,0.232589,-108.036
12,900,253.441,90.177,0,0,0.232589,71.9807,0.232589,-108.019
12,960,253.421,90.1709,0,0,0.232604,71.9765,0.232604,-108.023
12,1020,251.077,90.2074,0,0,0.234773,72.0122,0.234773,-107.988
12,1080,251.011,90.1982,0,0,0.234835,72.004,0.234835,-107.996
12,1140,250.597,89.9712,0,0,0.235225,71.7772,0.235225,-108.223
12,1200,252.95,89.9384,0,0,0.233043,71.7439,0.233043,-108.256
12,1260,252.934,89.9359,0,0,0.233053,71.7412,0.233053,-108.259
12,1320,252.921,90.005,0,0,0.233067,71.8098,0.233067,-108.19
12,1380,252.52,89.9347,0,0,0.233435,71.7401,0.233435,-108.26
12,1440,252.579,89.9309,0,0,0.233384,71.7363,0.233384,-108.264
12,1500,252.557,89.9416,0,0,0.233403,71.746,0.233403,-108.254
12,1560,252.624,89.9482,0,0,0.233344,71.753,0.233344,-108.247
12,1620,252.7,89.9443,0,0,0.233272,71.7497,0.233272,-108.25
12,1680,252.485,89.9029,0,0,0.233468,71.7082,0.233468,-108.292
12,1740,252.372,90.0039,0,0,0.233574,71.8086,0.233574,-108.191
12,1800,252.332,90.0044,0,0,0.233609,71.8094,0.233609,-108.191
12,1860,252.371,90.0201,0,0,0.233577,71.8243,0.233577,-108.176
12,1920,252.447,90.0757,0,0,0.233505,71.8806,0.233505,-108.119
12,1980,252.346,90.0859,0,0,0.233593,71.8904,0.233593,-108.11
12,2040,252.263,90.0934,0,0,0.233672,71.898,0.233672,-108.102
12,2100,251.782,90.0561,0,0,0.234119,71.8613,0.234119,-108.139
12,2160,251.813,90.0593,0,0,0.234094,71.8643,0.234094,-108.136
12,2220,251.779,90.0565,0,0,0.234123,71.8618,0.234123,-108.138
12,2280,251.771,90.0547,0,0,0.23413,71.86,0.23413,-108.14
12,2340,251.784,90.0572,0,0,0.234119,71.8622,0.234119,-108.138
12,2400,251.646,90.0331,0,0,0.234246,71.8383,0.234246,-108.162
12,2460,251.675,90.0279,0,0,0.23422,71.8334,0.23422,-108.167
12,2520,250.592,90.0431,0,0,0.23523,71.848,0.23523,-108.152
12,2580,250.574,90.0457,0,0,0.235249,71.8507,0.235249,-108.149
12,2640,250.525,90.0472,0,0,0.235294,71.8522,0.235294,-108.148
12,2700,250.383,90.0526,0,0,1.48823,71.8574,1.48823,-108.143
12,2760,250.385,90.0495,0,0,1.48823,71.8548,1.48823,-108.145
12,2820,250.575,90.064,0,0,1.48718,71.8685,1.48718,-108.132
12,2880,249.89,90.0748,0,0,1.49118,71.8798,1.49118,-108.12
12,2940,249.875,90.0752,0,0,1.49127,71.8803,1.49127,-108.12
12,3000,249.781,90.0594,0,0,1.49179,71.8654,1.49179,-108.135
12,3060,250.485,90.0392,0,0,1.48765,71.8444,1.48765,-108.156
12,3120,249.702,90.0508,0,0,1.49229,71.8559,1.49229,-108.144
12,3180,249.747,90.059,0,0,1.49205,71.8638,1.49205,-108.136
12,3240,249.844,90.0512,0,0,1.49147,71.8569,1.49147,-108.143
12,3300,250.636,90.0398,0,0,1.48675,71.845,1.48675,-108.155
12,3360,250.594,90.0333,0,0,1.48698,71.8388,1.48698,-108.161
12,3420,250.508,90.0431,0,0,1.48748,71.8476,1.48748,-108.152
12,3480,250.511,90.0434,0,0,1.48749,71.8485,1.48749,-108.151
12,3540,250.529,90.0422,0,0,1.48738,71.8474,1.48738,-108.153
13,0,250.645,90.042,0,0,1.48672,71.8472,1.48672,-108.153
13,60,251.782,89.9495,0,0,1.47998,71.7551,1.47998,-108.245
13,120,251.711,89.9498,0,0,1.48038,71.7548,1.48038,-108.245
13,180,251.756,89.9444,0,0,0.974211,71.7498,0.974211,-108.25
13,240,251.631,90.023,0,0,1.72768,71.8278,1.72768,-108.172
13,300,251.611,90.0119,0,0,1.7278,71.8176,1.7278,-108.182
13,360,251.63,90.0181,0,0,1.72769,71.8229,1.72769,-108.177
13,420,251.754,90.0273,0,0,0.986786,71.8318,0.986786,-108.168
13,480,251.752,90.0267,0,0,0.986772,71.8318,0.986772,-108.168
13,540,250.534,90.0518,0,0,0.991559,71.8567,0.991559,-108.143
13,600,250.541,90.0455,0,0,0.991539,71.851,0.991539,-108.149
13,660,249.729,90.0628,0,0,0.994755,71.8678,0.994755,-108.132
13,720,249.731,90.0622,0,0,0.994755,71.8672,0.994755,-108.133
13,780,249.752,90.0661,0,0,0.994678,71.8711,0.994678,-108.129
13,840,249.797,90.0705,0,0,0.994498,71.8755,0.994498,-108.125
13,900,249.795,90.074,0,0,0.9945,71.8789,0.9945,-108.121
13,960,249.784,90.0625,0,0,0.994538,71.8683,0.994538,-108.132
13,1020,249.716,90.0526,0,0,0.994799,71.8582,0.994799,-108.142
13,1080,249.745,90.0539,0,0,0.994706,71.859,0.994706,-108.141
13,1140,249.848,90.0571,0,0,0.994307,71.8622,0.994307,-108.138
13,1200,250.892,90.2425,0,0,0.990186,72.0466,0.990186,-107.953
13,1260,250.963,90.2572,0,0,0.989895,72.0614,0.989895,-107.939
13,1320,251.015,90.243,0,0,0.989669,72.0491,0.989669,-107.951
13,1380,250.061,90.0543,0,0,0.993419,71.8599,0.993419,-108.14
13,1440,250.094,90.0528,0,0,0.2357,71.858,0.2357,-108.142
13,1500,250.079,90.0499,0,0,0.235714,71.8552,0.235714,-108.145
13,1560,249.993,90.0356,0,0,0.23579,71.8412,0.23579,-108.159
13,1620,249.984,90.0429,0,0,0.235804,71.8477,0.235804,-108.152
13,1680,249.994,90.0481,0,0,0.235796,71.8529,0.235796,-108.147
13,1740,251.217,90.0229,0,0,0.234649,71.8282,0.234649,-108.172
13,1800,251.175,90.0233,0,0,0.234685,71.8283,0.234685,-108.172
13,1860,252.029,89.8592,0,0,0.233892,71.6651,0.233892,-108.335
13,1920,252.132,89.7758,0,0,0.233796,71.5813,0.233796,-108.419
13,1980,250.918,89.8011,0,0,0.234925,71.6059,0.234925,-108.394
13,2040,250.828,89.7869,0,0,0.235007,71.5928,0.235007,-108.407
13,2100,249.93,89.8037,0,0,0.235853,71.6086,0.235853,-108.391
13,2160,249.939,89.8112,0,0,0.235847,71.6159,0.235847,-108.384
13,2220,249.933,89.8175,0,0,0.235852,71.6222,0.235852,-108.378
13,2280,250.901,89.8046,0,0,0.234944,71.6099,0.234944,-108.39
13,2340,250.901,89.8038,0,0,0.234942,71.609,0.234942,-108.391
13,2400,250.924,89.8085,0,0,0.234923,71.6134,0.234923,-108.387
13,2460,250.905,89.8089,0,0,0.234938,71.614,0.234938,-108.386
13,2520,251.017,89.7891,0,0,0.234837,71.5957,0.234837,-108.404
13,2580,251.017,89.789,0,0,0.234834,71.5941,0.234834,-108.406
13,2640,251.102,89.7835,0,0,0.234758,71.5891,0.234758,-108.411
13,2700,250.944,89.9157,0,0,0.234902,71.7204,0.234902,-108.28
13,2760,250.897,89.9362,0,0,0.234946,71.74,0.234946,-108.26
13,2820,250.836,89.9389,0,0,0.235001,71.7438,0.235001,-108.256
13,2880,250.756,90.0277,0,0,0.235078,71.8325,0.235078,-108.167
13,2940,250.721,90.0263,0,0,0.23511,71.8315,0.23511,-108.169
13,3000,250.61,90.0285,0,0,0.235212,71.8334,0.235212,-108.167
13,3060,250.573,90.0114,0,0,0.235247,71.8175,0.235247,-108.182
13,3120,250.523,90.0159,0,0,0.235296,71.8207,0.235296,-108.179
13,3180,251.749,89.9941,0,0,0.234153,71.7994,0.234153,-108.201
13,3240,251.612,89.9902,0,0,0.974751,71.7956,0.974751,-108.204
13,3300,251.666,90.0209,0,0,0.974588,71.8241,0.974588,-108.176
13,3360,251.635,90.0135,0,0,0.974672,71.819,0.974672,-108.181
13,3420,251.645,89.9412,0,0,0.974641,71.7466,0.974641,-108.253
13,3480,251.632,89.9313,0,0,0.974685,71.7371,0.974685,-108.263
13,3540,251.585,89.9381,0,0,0.974871,71.7428,0.974871,-108.257
14,0,251.489,90.0134,0,0,0.975244,71.8183,0.975244,-108.182
14,60,250.423,90.0338,0,0,0.979385,71.8387,0.979385,-108.161
14,120,251.543,89.8884,0,0,0.975039,71.6943,0.975039,-108.306
14,180,251.65,89.879,0,0,0.974634,71.6849,0.974634,-108.315
14,240,251.667,89.8812,0,0,0.974559,71.6862,0.974559,-108.314
14,300,251.689,89.877,0,0,0.974473,71.6825,0.974473,-108.318
14,360,251.732,89.8772,0,0,0.974311,71.6824,0.974311,-108.318
14,420,251.69,89.8781,0,0,0.97446,71.6831,0.97446,-108.317
14,480,251.76,89.8641,0,0,0.974203,71.6703,0.974203,-108.33
14,540,250.534,89.8937,0,0,0.978955,71.6986,0.978955,-108.301
14,600,250.624,89.8973,0,0,0.978627,71.7024,0.978627,-108.298
14,660,250.637,89.8656,0,0,0.978545,71.6727,0.978545,-108.327
14,720,250.69,89.8779,0,0,1.73418,71.6824,1.73418,-108.318
14,780,250.712,89.8796,0,0,2.24205,71.6847,2.24205,-108.315
14,840,250.05,89.899,0,0,2.24796,71.704,2.24796,-108.296
14,900,250.068,89.8976,0,0,2.24782,71.7028,2.24782,-108.297
14,960,250.117,89.8993,0,0,1.50246,71.7043,1.50246,-108.296
14,1020,250.787,89.8916,0,0,1.49845,71.6968,1.49845,-108.303
14,1080,250.846,89.8224,0,0,1.49809,71.6279,1.49809,-108.372
14,1140,250.944,89.8228,0,0,1.49753,71.628,1.49753,-108.372
14,1200,249.977,89.8597,0,0,1.50329,71.6646,1.50329,-108.335
14,1260,250.22,89.519,0,0,1.50185,71.3263,1.50185,-108.674
14,1320,250.03,89.6475,0,0,1.50298,71.4519,1.50298,-108.548
14,1380,250.977,89.6283,0,0,1.49731,71.4337,1.49731,-108.566
14,1440,250.589,90.0355,0,0,1.49963,71.8393,1.49963,-108.161
14,1500,251.043,90.1157,0,0,1.49693,71.9206,1.49693,-108.079
14,1560,251.083,90.007,0,0,1.49667,71.8126,1.49667,-108.187
14,1620,251.074,90.01,0,0,1.49672,71.815,1.49672,-108.185
14,1680,251.068,90.0168,0,0,1.49676,71.8215,1.49676,-108.178
14,1740,252.325,89.9914,0,0,1.48932,71.7967,1.48932,-108.203
14,1800,251.586,90.0057,0,0,1.49367,71.8107,1.49367,-108.189
14,1860,251.629,90,0,0,0.987252,71.8054,0.987252,-108.195
14,1920,251.72,89.9544,0,0,0.234178,71.7597,0.234178,-108.24
14,1980,252.436,89.9455,0,0,0.233515,71.7507,0.233515,-108.249
14,2040,252.432,89.9502,0,0,0.233518,71.7549,0.233518,-108.245
14,2100,249.167,90.0839,0,0,0.236571,71.8883,0.236571,-108.112
14,2160,249.131,90.0829,0,0,0.236611,71.8881,0.236611,-108.112
14,2220,249.161,90.0701,0,0,0.236585,71.8759,0.236585,-108.124
14,2280,252.508,89.9807,0,0,0.233451,71.7864,0.233451,-108.214
14,2340,252.446,89.9738,0,0,0.233501,71.7793,0.233501,-108.221
14,2400,252.541,89.8928,0,0,0.233417,71.6984,0.233417,-108.302
14,2460,252.43,89.9914,0,0,0.23352,71.7961,0.23352,-108.204
14,2520,252.375,89.9968,0,0,0.233568,71.8015,0.233568,-108.198
14,2580,252.588,90.1161,0,0,0.233376,71.9207,0.233376,-108.079
14,2640,252.671,90.0412,0,0,0.233297,71.8466,0.233297,-108.153
14,2700,252.622,90.0316,0,0,0.233339,71.8374,0.233339,-108.163
14,2760,252.298,89.9695,0,0,0.23364,71.7748,0.23364,-108.225
14,2820,252.238,90.0428,0,0,0.233698,71.8477,0.233698,-108.152
14,2880,252.566,90.0022,0,0,0.233395,71.8075,0.233395,-108.192
14,2940,252.625,89.9957,0,0,0.233342,71.8013,0.233342,-108.199
14,3000,252.549,89.995,0,0,0.233407,71.8001,0.233407,-108.2
14,3060,252.431,90.087,0,0,0.233519,71.8918,0.233519,-108.108
14,3120,252.348,90.0921,0,0,0.233594,71.8968,0.233594,-108.103
14,3180,252.357,90.0843,0,0,0.233588,71.89,0.233588,-108.11
14,3240,251.664,90.1047,0,0,0.234229,71.9097,0.234229,-108.09
14,3300,251.636,90.1093,0,0,0.234255,71.9142,0.234255,-108.086
14,3360,251.972,90.1529,0,0,0.233946,71.9579,0.233946,-108.042
14,3420,251.97,90.1514,0,0,0.233945,71.9566,0.233945,-108.043
14,3480,252.012,90.1545,0,0,0.233909,71.9594,0.233909,-108.041
14,3540,252.071,90.1529,0,0,0.233855,71.9582,0.233855,-108.042
15,0,252.036,90.165,0,0,0.233884,71.9693,0.233884,-108.031
15,60,249.308,90.1555,0,0,22.656,71.9605,22.656,-108.039
15,120,249.227,90.1533,0,0,22.6633,71.9584,22.6633,-108.042
15,180,249.186,90.1542,0,0,22.6673,71.9592,22.6673,-108.041
15,240,249.153,90.2408,0,0,22.6705,72.0457,22.6705,-107.954
15,300,249.161,90.1219,0,0,23.4175,71.9274,23.4175,-108.073
15,360,249.144,90.1222,0,0,23.419,71.9273,23.419,-108.073
15,420,249.117,90.122,0,0,23.4215,71.9271,23.4215,-108.073
15,480,248.764,90.0875,0,0,23.4548,71.8927,23.4548,-108.107
15,540,249.028,90.1255,0,0,23.4302,71.9305,23.4302,-108.069
15,600,249.771,90.1105,0,0,23.3605,71.9158,23.3605,-108.084
15,660,250.914,90.0721,0,0,14.5154,71.8774,14.5154,-108.123
15,720,251.003,90.0758,0,0,14.5104,71.8808,14.5104,-108.119
15,780,250.998,90.0697,0,0,14.5105,71.8753,14.5105,-108.125
15,840,252.525,90.0238,0,0,2.08005,71.8291,2.08005,-108.171
15,900,252.418,90.0254,0,0,2.0809,71.8303,2.0809,-108.17
15,960,252.42,90.0215,0,0,2.0809,71.8269,2.0809,-108.173
15,1020,252.457,89.9965,0,0,2.08062,71.8035,2.08062,-108.196
15,1080,252.432,89.9778,0,0,2.0808,71.7842,2.0808,-108.216
15,1140,252.378,89.9932,0,0,2.08125,71.7973,2.08125,-108.203
15,1200,252.339,89.9128,0,0,2.08157,71.7183,2.08157,-108.282
15,1260,252.324,89.913,0,0,2.0817,71.7181,2.0817,-108.282
15,1320,252.314,89.938,0,0,2.08179,71.7414,2.08179,-108.259
15,1380,252.221,89.8785,0,0,1.56921,71.6839,1.56921,-108.316
15,1440,252.271,89.8794,0,0,2.08216,71.6847,2.08216,-108.315
15,1500,251.767,89.911,0,0,2.08629,71.7159,2.08629,-108.284
15,1560,251.674,89.8961,0,0,2.8399,71.7021,2.8399,-108.298
15,1620,251.762,89.8906,0,0,2.09891,71.6962,2.09891,-108.304
15,1680,251.828,89.8877,0,0,2.09836,71.6932,2.09836,-108.307
15,1740,251.536,89.8529,0,0,2.60712,71.6581,2.60712,-108.342
15,1800,251.606,89.8501,0,0,2.60644,71.6555,2.60644,-108.345
15,1860,250.136,89.9101,0,0,15.0822,71.7149,15.0822,-108.285
15,1920,250.167,89.9069,0,0,15.0805,71.7123,15.0805,-108.288
15,1980,250.114,89.8956,0,0,15.5928,71.7015,15.5928,-108.299
15,2040,250.193,89.8938,0,0,15.5882,71.6992,15.5882,-108.301
15,2100,250.187,89.8928,0,0,15.5883,71.6979,15.5883,-108.302
15,2160,250.142,89.8953,0,0,15.5911,71.7001,15.5911,-108.3
15,2220,250.306,89.8798,0,0,15.5813,71.6862,15.5813,-108.314
15,2280,250.3,89.8786,0,0,15.5812,71.6838,15.5812,-108.316
15,2340,250.664,89.9155,0,0,15.5588,71.7206,15.5588,-108.279
15,2400,250.678,89.9344,0,0,15.5578,71.7381,15.5578,-108.262
15,2460,250.028,89.9396,0,0,15.5982,71.7446,15.5982,-108.255
15,2520,250.248,89.994,0,0,15.5846,71.7989,15.5846,-108.201
15,2580,250.333,89.8669,0,0,15.5792,71.6726,15.5792,-108.327
15,2640,250.296,89.7839,0,0,16.0021,71.5893,16.0021,-108.411
15,2700,250.435,89.7214,0,0,15.9932,71.5269,15.9932,-108.473
15,2760,250.559,89.7267,0,0,15.2295,71.5316,15.2295,-108.468
15,2820,250.528,89.8312,0,0,14.7226,71.6359,14.7226,-108.364
15,2880,250.364,89.9309,0,0,14.8499,71.7356,14.8499,-108.264
15,2940,250.332,89.9275,0,0,14.8517,71.7328,14.8517,-108.267
15,3000,250.447,89.9234,0,0,14.8454,71.729,14.8454,-108.271
15,3060,252.006,89.8841,0,0,2.38509,71.6895,2.38509,-108.311
15,3120,252.027,89.8883,0,0,2.38489,71.6931,2.38489,-108.307
15,3180,252.04,89.9087,0,0,1.8794,71.7123,1.8794,-108.288
15,3240,252.08,89.9197,0,0,1.87912,71.724,1.87912,-108.276
15,3300,252.129,89.9195,0,0,1.87875,71.7246,1.87875,-108.275
15,3360,252.156,89.8297,0,0,1.87853,71.6353,1.87853,-108.365
15,3420,252.253,89.8273,0,0,1.46054,71.6326,1.46054,-108.367
15,3480,252.282,89.8216,0,0,1.46036,71.6272,1.46036,-108.373
15,3540,251.792,89.7592,0,0,1.71402,71.5645,1.71402,-108.436
16,0,251.654,89.751,0,0,1.71492,71.5565,1.71492,-108.443
16,60,251.592,89.7583,0,0,1.71537,71.5628,1.71537,-108.437
16,120,251.408,89.7107,0,0,1.71664,71.516,1.71664,-108.484
16,180,251.42,89.8763,0,0,1.71657,71.6808,1.71657,-108.319
16,240,251.388,89.861,0,0,1.6749,71.6671,1.6749,-108.333
16,300,251.395,89.8468,0,0,1.67486,71.6529,1.67486,-108.347
16,360,251.098,89.8113,0,0,1.67684,71.6165,1.67684,-108.383
16,420,251.652,89.8074,0,0,1.67329,71.6138,1.67329,-108.386
16,480,251.78,89.7206,0,0,1.6723,71.5262,1.6723,-108.474
16,540,251.766,89.723,0,0,1.67239,71.528,1.67239,-108.472
16,600,251.734,89.7193,0,0,1.6726,71.5246,1.6726,-108.475
16,660,251.67,89.7749,0,0,1.67304,71.5798,1.67304,-108.42
16,720,251.005,89.8377,0,0,3.7743,71.6426,3.7743,-108.357
16,780,251.051,89.845,0,0,3.77367,71.6498,3.77367,-108.35
16,840,251.136,89.7426,0,0,3.77233,71.5483,3.77233,-108.452
16,900,251.549,89.6935,0,0,3.93352,71.4989,3.93352,-108.501
16,960,251.608,89.6944,0,0,3.93266,71.4996,3.93266,-108.5
16,1020,251.66,89.6901,0,0,3.93185,71.4957,3.93185,-108.504
16,1080,251.69,89.6877,0,0,3.76405,71.4931,3.76405,-108.507
16,1140,252.085,89.7285,0,0,3.80827,71.5335,3.80827,-108.466
16,1200,250.957,89.869,0,0,11.9919,71.6735,11.9919,-108.326
16,1260,251.024,89.8685,0,0,11.9889,71.6737,11.9889,-108.326
16,1320,250.78,89.8557,0,0,11.95,71.6608,11.95,-108.339
16,1380,251.757,89.8317,0,0,4.26896,71.637,4.26896,-108.363
16,1440,251.948,89.8393,0,0,4.26573,71.6444,4.26573,-108.356
16,1500,251.95,89.771,0,0,5.00517,71.5765,5.00517,-108.423
16,1560,251.954,89.762,0,0,5.00508,71.5678,5.00508,-108.432
16,1620,251.918,89.7622,0,0,5.00577,71.5672,5.00577,-108.433
16,1680,251.944,89.7829,0,0,5.51088,71.5867,5.51088,-108.413
16,1740,251.846,89.9049,0,0,5.51298,71.7095,5.51298,-108.29
16,1800,252.064,89.9184,0,0,5.50824,71.7235,5.50824,-108.276
16,1860,252.084,89.8711,0,0,5.50777,71.6765,5.50777,-108.324
16,1920,252.201,89.6837,0,0,6.86589,71.4901,6.86589,-108.51
16,1980,252.201,89.6988,0,0,6.8659,71.5024,6.8659,-108.498
16,2040,252.418,89.7055,0,0,6.35566,71.5102,6.35566,-108.49
16,2100,251.467,89.8998,0,0,6.37937,71.7039,6.37937,-108.296
16,2160,251.892,89.9116,0,0,5.75857,71.7168,5.75857,-108.283
16,2220,252.136,89.8881,0,0,3.66562,71.695,3.66562,-108.305
16,2280,249.465,89.9657,0,0,3.70462,71.7701,3.70462,-108.23
16,2340,249.408,90.023,0,0,3.70561,71.8278,3.70561,-108.172
16,2400,249.447,89.951,0,0,3.70504,71.7564,3.70504,-108.244
16,2460,252.501,89.9116,0,0,3.15584,71.7172,3.15584,-108.283
16,2520,252.493,89.9294,0,0,3.15591,71.7333,3.15591,-108.267
16,2580,252.747,89.9851,0,0,3.23605,71.7899,3.23605,-108.21
16,2640,252.697,90.0275,0,0,3.4866,71.8325,3.4866,-108.168
16,2700,252.699,90.1108,0,0,3.23664,71.9155,3.23664,-108.084
16,2760,252.316,89.9971,0,0,3.24152,71.8027,3.24152,-108.197
16,2820,252.366,90.0426,0,0,2.50264,71.8475,2.50264,-108.153
16,2880,252.402,90.0448,0,0,2.50229,71.8498,2.50229,-108.15
16,2940,252.324,90.0721,0,0,2.503,71.8753,2.503,-108.125
16,3000,252.168,90.0125,0,0,2.42109,71.8179,2.42109,-108.182
16,3060,252.031,89.8484,0,0,2.17182,71.6543,2.17182,-108.346
16,3120,252.239,89.9021,0,0,2.42044,71.707,2.42044,-108.293
16,3180,252.361,89.9398,0,0,2.41927,71.7448,2.41927,-108.255
16,3240,252.358,89.9328,0,0,2.41929,71.7383,2.41929,-108.262
16,3300,252.334,89.9184,0,0,2.4195,71.7246,2.4195,-108.275
16,3360,251.792,89.8278,0,0,2.04846,71.6331,2.04846,-108.367
16,3420,251.88,89.8301,0,0,2.04779,71.6352,2.04779,-108.365
16,3480,251.919,89.8334,0,0,2.04746,71.6385,2.04746,-108.362
16,3540,251.654,89.9171,0,0,2.04959,71.7219,2.04959,-108.278
17,0,252.118,89.9995,0,0,2.04584,71.8044,2.04584,-108.196
17,60,252.105,89.986,0,0,1.92903,71.7921,1.92903,-108.208
17,120,252.107,89.9844,0,0,1.929,71.7896,1.929,-108.21
17,180,252.01,89.9883,0,0,3.29147,71.7934,3.29147,-108.207
17,240,252.113,89.9371,0,0,2.91431,71.7424,2.91431,-108.258
17,300,252.423,89.9204,0,0,2.91075,71.7256,2.91075,-108.274
17,360,251.786,89.9694,0,0,2.9181,71.7742,2.9181,-108.226
17,420,251.864,90.1395,0,0,1.55474,71.9438,1.55474,-108.056
17,480,251.425,90.2233,0,0,1.55744,72.0281,1.55744,-107.972
17,540,251.967,90.1931,0,0,1.55417,72.0007,1.55417,-107.999
17,600,252.302,90.2112,0,0,1.55204,72.0161,1.55204,-107.984
17,660,252.66,90.1319,0,0,0.233306,71.9374,0.233306,-108.063
17,720,252.7,90.1519,0,0,0.233274,71.9557,0.233274,-108.044
17,780,252.153,90.1978,0,0,0.233775,72.0027,0.233775,-107.997
17,840,252.065,90.1784,0,0,0.23385,71.9849,0.23385,-108.015
17,900,251.869,90.136,0,0,0.234038,71.9413,0.234038,-108.059
17,960,252.254,90.1281,0,0,0.233692,71.9338,0.233692,-108.066
17,1020,252.185,90.1381,0,0,0.233746,71.9425,0.233746,-108.057
17,1080,252.228,90.1498,0,0,0.233711,71.9541,0.233711,-108.046
17,1140,252.18,90.1444,0,0,0.233748,71.9499,0.233748,-108.05
17,1200,251.866,90.0597,0,0,0.234041,71.8651,0.234041,-108.135
17,1260,251.893,90.0078,0,0,0.234017,71.8131,0.234017,-108.187
17,1320,251.897,90.0078,0,0,0.234015,71.8129,0.234015,-108.187
17,1380,252.188,90.0564,0,0,0.233746,71.8613,0.233746,-108.139
17,1440,252.22,90.0607,0,0,0.233716,71.8655,0.233716,-108.134
17,1500,252.135,90.0478,0,0,0.233788,71.8537,0.233788,-108.146
17,1560,251.528,89.9259,0,0,0.234354,71.7315,0.234354,-108.269
17,1620,251.527,89.9344,0,0,0.234359,71.7389,0.234359,-108.261
17,1680,251.862,89.9179,0,0,0.234048,71.7231,0.234048,-108.277
17,1740,251.907,89.9136,0,0,0.234005,71.719,0.234005,-108.281
17,1800,251.805,89.8952,0,0,0.234096,71.7018,0.234096,-108.298
17,1860,251.446,89.8832,0,0,0.234432,71.6883,0.234432,-108.312
17,1920,251.396,89.8808,0,0,0.234476,71.6861,0.234476,-108.314
17,1980,251.365,89.9301,0,0,0.234509,71.7351,0.234509,-108.265
17,2040,251.572,89.9912,0,0,0.234318,71.7962,0.234318,-108.204
17,2100,251.665,90.0009,0,0,0.234234,71.8054,0.234234,-108.195
17,2160,251.621,89.997,0,0,0.234269,71.8024,0.234269,-108.198
17,2220,251.427,89.9613,0,0,0.234451,71.7665,0.234451,-108.233
17,2280,251.355,89.9615,0,0,0.234516,71.7666,0.234516,-108.233
17,2340,251.339,89.9592,0,0,0.234533,71.7645,0.234533,-108.235
17,2400,251.157,89.9554,0,0,0.234694,71.7606,0.234694,-108.239
17,2460,251.493,89.957,0,0,0.234401,71.7623,0.234401,-108.238
17,2520,251.294,89.9725,0,0,0.23457,71.7766,0.23457,-108.223
17,2580,251.36,89.9878,0,0,0.234519,71.7919,0.234519,-108.208
17,2640,251.369,89.9805,0,0,0.234505,71.7862,0.234505,-108.214
17,2700,251.552,89.9446,0,0,0.234336,71.7521,0.234336,-108.248
17,2760,250.946,90.0901,0,0,0.234903,71.8946,0.234903,-108.105
17,2820,251.042,90.113,0,0,0.977013,71.917,0.977013,-108.083
17,2880,250.941,90.1692,0,0,1.73243,71.9742,1.73243,-108.026
17,2940,250.294,90.0276,0,0,1.73688,71.8331,1.73688,-108.167
17,3000,250.345,90.0271,0,0,1.73657,71.8323,1.73657,-108.168
17,3060,250.323,90.0379,0,0,1.73672,71.8423,1.73672,-108.158
17,3120,250.416,90.029,0,0,1.73608,71.8347,1.73608,-108.165
17,3180,250.36,90.0338,0,0,1.73643,71.8385,1.73643,-108.161
17,3240,250.415,90.025,0,0,1.73609,71.8306,1.73609,-108.169
17,3300,250.406,90.025,0,0,1.73614,71.8301,1.73614,-108.17
17,3360,250.335,90.0134,0,0,1.73658,71.8191,1.73658,-108.181
17,3420,250.374,89.9453,0,0,1.73635,71.7507,1.73635,-108.249
17,3480,250.32,89.9439,0,0,1.73671,71.7492,1.73671,-108.251
17,3540,250.211,89.9421,0,0,1.73744,71.7472,1.73744,-108.253
18,0,250.52,90.0946,0,0,1.73536,71.8992,1.73536,-108.101
18,60,250.12,90.2304,0,0,1.73813,72.0349,1.73813,-107.965
18,120,250.51,90.1723,0,0,1.73542,71.9777,1.73542,-108.022
18,180,250.625,90.1168,0,0,1.73461,71.9222,1.73461,-108.078
18,240,251.056,90.0552,0,0,1.73163,71.8606,1.73163,-108.139
18,300,250.914,90.0099,0,0,1.7326,71.8153,1.7326,-108.185
18,360,251.994,90.0586,0,0,1.72521,71.8635,1.72521,-108.136
18,420,252.01,90.0555,0,0,1.72508,71.861,1.72508,-108.139
18,480,252.284,89.9277,0,0,0.972169,71.7335,0.972169,-108.266
18,540,251.818,89.9378,0,0,0.23407,71.7416,0.23407,-108.258
18,600,251.751,89.9443,0,0,0.234147,71.7489,0.234147,-108.251
18,660,251.846,89.9409,0,0,0.234061,71.747,0.234061,-108.253
18,720,252.338,89.9252,0,0,0.233619,71.732,0.233619,-108.268
18,780,252.379,89.915,0,0,0.233568,71.7209,0.233568,-108.279
18,840,252.635,89.9758,0,0,0.233332,71.7806,0.233332,-108.219
18,900,252.614,89.978,0,0,0.233349,71.7829,0.233349,-108.217
18,960,251.745,89.9298,0,0,0.234153,71.735,0.234153,-108.265
18,1020,250.992,89.9586,0,0,0.234856,71.7636,0.234856,-108.236
18,1080,251.252,90.1556,0,0,0.234618,71.9599,0.234618,-108.04
18,1140,251.349,90.0821,0,0,0.234524,71.8876,0.234524,-108.112
18,1200,252.195,90.0656,0,0,0.233738,71.8708,0.233738,-108.129
18,1260,252.069,89.9858,0,0,0.233852,71.7913,0.233852,-108.209
18,1320,252.008,90.0531,0,0,0.233911,71.8579,0.233911,-108.142
18,1380,251.878,90.0517,0,0,0.234025,71.8568,0.234025,-108.143
18,1440,251.9,90.0529,0,0,0.234013,71.8579,0.234013,-108.142
18,1500,251.882,90.0491,0,0,0.234027,71.8545,0.234027,-108.146
18,1560,251.85,90.0394,0,0,0.234055,71.8452,0.234055,-108.155
18,1620,251.311,89.9906,0,0,0.234558,71.7959,0.234558,-108.204
18,1680,251.201,90.1261,0,0,0.234663,71.9307,0.234663,-108.069
18,1740,251.771,90.106,0,0,0.234133,71.9112,0.234133,-108.089
18,1800,252.49,90.0888,0,0,0.233466,71.894,0.233466,-108.106
18,1860,252.47,90.0796,0,0,0.233479,71.8856,0.233479,-108.114
18,1920,252.286,90.0316,0,0,0.233652,71.837,0.233652,-108.163
18,1980,252.265,90.0479,0,0,0.233673,71.8517,0.233673,-108.148
18,2040,251.758,89.9794,0,0,0.23414,71.7848,0.23414,-108.215
18,2100,251.391,89.9977,0,0,0.234471,71.8014,0.234471,-108.199
18,2160,251.381,89.9652,0,0,0.234492,71.7723,0.234492,-108.228
18,2220,251.315,89.9669,0,0,0.234552,71.7718,0.234552,-108.228
18,2280,251.53,89.9616,0,0,0.740756,71.7673,0.740756,-108.233
18,2340,251.495,89.9411,0,0,0.740821,71.7477,0.740821,-108.252
18,2400,250.694,89.956,0,0,0.743195,71.761,0.743195,-108.239
18,2460,249.706,89.993,0,0,1.82529,71.7978,1.82529,-108.202
18,2520,249.66,90.0181,0,0,1.82563,71.8218,1.82563,-108.178
18,2580,250.085,90.0265,0,0,1.82268,71.8316,1.82268,-108.168
18,2640,249.102,90.0404,0,0,1.82971,71.8454,1.82971,-108.155
18,2700,249.081,90.1339,0,0,1.82989,71.9388,1.82989,-108.061
18,2760,250.107,90.1333,0,0,1.8224,71.9385,1.8224,-108.062
18,2820,249.987,90.1002,0,0,1.82325,71.9054,1.82325,-108.095
18,2880,250.165,90.1202,0,0,1.82196,71.9252,1.82196,-108.075
18,2940,249.712,90.0848,0,0,1.82524,71.89,1.82524,-108.11
18,3000,249.74,90.1023,0,0,1.82507,71.9064,1.82507,-108.094
18,3060,249.525,90.0988,0,0,1.82655,71.9037,1.82655,-108.096
18,3120,249.465,90.0821,0,0,1.82701,71.8882,1.82701,-108.112
18,3180,249.494,90.0781,0,0,1.82687,71.8834,1.82687,-108.117
18,3240,248.78,90.1561,0,0,1.83209,71.9609,1.83209,-108.039
18,3300,248.773,90.1617,0,0,1.83216,71.9665,1.83216,-108.033
18,3360,248.87,90.1618,0,0,1.31968,71.967,1.31968,-108.033
18,3420,250.184,90.0554,0,0,1.48103,71.861,1.48103,-108.139
18,3480,250.377,90.0775,0,0,1.47996,71.8813,1.47996,-108.119
18,3540,250.398,90.079,0,0,1.47976,71.884,1.47976,-108.116
19,0,250.331,90.1587,0,0,1.48015,71.9636,1.48015,-108.036
19,60,251.463,90.1677,0,0,0.23442,71.9728,0.23442,-108.027
19,120,251.479,90.1544,0,0,0.234401,71.9604,0.234401,-108.04
19,180,250.555,90.1587,0,0,0.235266,71.9638,0.235266,-108.036
19,240,250.056,90.0812,0,0,0.235733,71.8865,0.235733,-108.113
19,300,250.179,90.068,0,0,0.235626,71.874,0.235626,-108.126
19,360,251.089,90.0452,0,0,0.234768,71.8505,0.234768,-108.15
19,420,251.095,90.0439,0,0,0.234761,71.8492,0.234761,-108.151
19,480,250.558,90.0572,0,0,0.235263,71.8622,0.235263,-108.138
19,540,249.571,90.0796,0,0,0.236193,71.8846,0.236193,-108.115
19,600,249.575,90.0711,0,0,0.236191,71.8767,0.236191,-108.123
19,660,250.192,90.0623,0,0,0.23561,71.8675,0.23561,-108.132
19,720,249.107,90.0856,0,0,0.236633,71.8906,0.236633,-108.109
19,780,248.948,90.0515,0,0,0.236785,71.8567,0.236785,-108.143
19,840,248.866,90.0679,0,0,0.236859,71.872,0.236859,-108.128
19,900,249.798,90.0468,0,0,0.235982,71.852,0.235982,-108.148
19,960,250.17,90.0568,0,0,0.235631,71.8619,0.235631,-108.138
19,1020,249.91,90.0623,0,0,0.235865,71.8666,0.235865,-108.133
19,1080,249.704,90.0556,0,0,0.236058,71.861,0.236058,-108.139
19,1140,249.263,90.0666,0,0,0.236485,71.8717,0.236485,-108.128
19,1200,249.235,90.0085,0,0,0.236513,71.8138,0.236513,-108.186
19,1260,249.411,89.9082,0,0,0.236347,71.7139,0.236347,-108.286
19,1320,249.383,89.9106,0,0,0.236371,71.7154,0.236371,-108.285
19,1380,249.301,89.9511,0,0,0.236451,71.7561,0.236451,-108.244
19,1440,248.825,89.968,0,0,0.236901,71.773,0.236901,-108.227
19,1500,249.855,89.9311,0,0,0.235928,71.7365,0.235928,-108.264
19,1560,249.702,90.0246,0,0,0.994869,71.8294,0.994869,-108.171
19,1620,250.377,89.9086,0,0,0.992192,71.7144,0.992192,-108.286
19,1680,250.511,89.8629,0,0,0.991657,71.6683,0.991657,-108.332
19,1740,250.606,89.8746,0,0,0.991309,71.6793,0.991309,-108.321
19,1800,250.989,89.9317,0,0,0.989777,71.7367,0.989777,-108.263
19,1860,251.297,89.8476,0,0,0.988555,71.6532,0.988555,-108.347
19,1920,251.5,89.8913,0,0,0.987764,71.6963,0.987764,-108.304
19,1980,251.371,89.8941,0,0,1.72942,71.699,1.72942,-108.301
19,2040,251.468,90.0067,0,0,1.7288,71.8114,1.7288,-108.189
19,2100,251.294,89.9549,0,0,1.72999,71.7602,1.72999,-108.24
19,2160,251.499,89.8481,0,0,1.72859,71.6538,1.72859,-108.346
19,2220,251.465,89.8611,0,0,1.72881,71.6652,1.72881,-108.335
19,2280,251.487,89.8478,0,0,1.72867,71.6539,1.72867,-108.346
19,2340,251.522,89.8607,0,0,1.72844,71.665,1.72844,-108.335
19,2400,251.523,89.8605,0,0,1.72842,71.6656,1.72842,-108.334
19,2460,252.452,89.831,0,0,1.72207,71.6364,1.72207,-108.364
19,2520,252.408,89.8067,0,0,1.72233,71.6135,1.72233,-108.386
19,2580,252.364,89.8084,0,0,1.72263,71.6132,1.72263,-108.387
19,2640,252.393,89.8084,0,0,1.72246,71.6136,1.72246,-108.386
19,2700,252.425,89.8184,0,0,1.72225,71.6228,1.72225,-108.377
19,2760,252.6,89.85,0,0,0.970958,71.655,0.970958,-108.345
19,2820,252.504,89.9497,0,0,0.971327,71.7543,0.971327,-108.246
19,2880,252.458,89.9519,0,0,0.971489,71.757,0.971489,-108.243
19,2940,252.264,89.9089,0,0,0.972244,71.7142,0.972244,-108.286
19,3000,252.358,89.8929,0,0,0.971895,71.6992,0.971895,-108.301
19,3060,251.34,89.9702,0,0,0.975818,71.7749,0.975818,-108.225
19,3120,251.224,89.9894,0,0,1.48324,71.7933,1.48324,-108.207
19,3180,251.246,89.8833,0,0,1.48313,71.6889,1.48313,-108.311
19,3240,250.992,89.8253,0,0,1.48463,71.6306,1.48463,-108.369
19,3300,250.998,89.8251,0,0,0.742297,71.6302,0.742297,-108.37
19,3360,250.984,89.9385,0,0,0.742341,71.7432,0.742341,-108.257
19,3420,250.688,89.878,0,0,0.743212,71.6833,0.743212,-108.317
19,3480,250.611,89.9189,0,0,0.743447,71.7238,0.743447,-108.276
19,3540,250.412,89.918,0,0,0.744009,71.723,0.744009,-108.277
20,0,250.777,89.9809,0,0,0.742961,71.7858,0.742961,-108.214
20,60,249.807,89.9913,0,0,0.745832,71.7963,0.745832,-108.204
20,120,249.795,89.995,0,0,0.745876,71.7999,0.745876,-108.2
20,180,249.851,90.0006,0,0,0.745721,71.8055,0.745721,-108.195
20,240,249.769,90.0051,0,0,0.745944,71.8098,0.745944,-108.19
20,300,249.948,90.0546,0,0,0.745423,71.8595,0.745423,-108.14
20,360,250.016,90.0574,0,0,0.745228,71.8623,0.745228,-108.138
20,420,250.093,89.9857,0,0,0.744985,71.7912,0.744985,-108.209
20,480,249.395,89.9381,0,0,0.747061,71.7433,0.747061,-108.257
20,540,249.366,90.0078,0,0,0.747159,71.8127,0.747159,-108.187
20,600,249.425,90.077,0,0,0.236334,71.8819,0.236334,-108.118
20,660,251.048,90.0506,0,0,0.234808,71.856,0.234808,-108.144
20,720,251.025,90.0506,0,0,0.234825,71.8558,0.234825,-108.144
20,780,251.091,90.066,0,0,0.234768,71.8702,0.234768,-108.13
20,840,252.169,90.0544,0,0,0.233763,71.8596,0.233763,-108.14
20,900,252.611,90.1099,0,0,0.233354,71.9148,0.233354,-108.085
20,960,252.856,90.1624,0,0,0.233128,71.9673,0.233128,-108.033
20,1020,252.847,90.1631,0,0,0.233135,71.9681,0.233135,-108.032
20,1080,252.776,90.167,0,0,0.233198,71.9719,0.233198,-108.028
20,1140,252.849,90.1647,0,0,0.233135,71.9701,0.233135,-108.03
20,1200,252.451,90.077,0,0,0.233498,71.8824,0.233498,-108.118
20,1260,252.633,89.9963,0,0,0.233332,71.8018,0.233332,-108.198
20,1320,252.506,89.998,0,0,0.233446,71.803,0.233446,-108.197
20,1380,252.468,89.9248,0,0,0.233484,71.7303,0.233484,-108.27
20,1440,252.456,89.9937,0,0,0.233496,71.7985,0.233496,-108.201
20,1500,252.484,89.9902,0,0,0.23347,71.7956,0.23347,-108.204
20,1560,252.538,90.062,0,0,0.23342,71.8668,0.23342,-108.133
20,1620,251.929,90.0646,0,0,0.233983,71.8696,0.233983,-108.13
20,1680,251.911,90.0605,0,0,0.233999,71.8659,0.233999,-108.134
20,1740,251.914,90.0588,0,0,0.233999,71.8638,0.233999,-108.136
20,1800,252.415,90.0539,0,0,0.233549,71.86,0.233549,-108.14
20,1860,252.466,90.0606,0,0,0.233489,71.8654,0.233489,-108.135
20,1920,252.451,90.0761,0,0,0.2335,71.8802,0.2335,-108.12
20,1980,252.382,90.0499,0,0,0.233559,71.8567,0.233559,-108.143
20,2040,252.422,90.0556,0,0,0.23353,71.8603,0.23353,-108.14
20,2100,251.939,89.9587,0,0,0.233972,71.7641,0.233972,-108.236
20,2160,251.935,89.9686,0,0,0.233982,71.7729,0.233982,-108.227
20,2220,251.523,89.9944,0,0,0.23435,71.7973,0.23435,-108.203
20,2280,251.751,89.7418,0,0,0.23415,71.5482,0.23415,-108.452
20,2340,251.704,89.7465,0,0,0.234191,71.5512,0.234191,-108.449
20,2400,252.038,89.7366,0,0,0.233893,71.5431,0.233893,-108.457
20,2460,251.554,89.8664,0,0,2.79944,71.6709,2.79944,-108.329
20,2520,251.611,89.8809,0,0,3.09172,71.6849,3.09172,-108.315
20,2580,251.654,89.8772,0,0,2.79833,71.6825,2.79833,-108.317
20,2640,251.656,89.8833,0,0,2.79832,71.688,2.79832,-108.312
20,2700,251.553,89.8848,0,0,2.7994,71.6896,2.7994,-108.31
20,2760,251.508,89.8813,0,0,3.30635,71.6867,3.30635,-108.313
20,2820,251.434,89.8816,0,0,3.72597,71.6867,3.72597,-108.313
20,2880,251.492,89.8744,0,0,3.30661,71.68,3.30661,-108.32
20,2940,251.462,89.8828,0,0,3.30698,71.6874,3.30698,-108.313
20,3000,251.456,89.8682,0,0,3.36982,71.6742,3.36982,-108.326
20,3060,251.641,89.7957,0,0,3.36737,71.6013,3.36737,-108.399
20,3120,252.047,89.7914,0,0,3.36196,71.5968,3.36196,-108.403
20,3180,252.051,89.7893,0,0,3.36189,71.5944,3.36189,-108.406
20,3240,251.976,89.8584,0,0,3.3629,71.6631,3.3629,-108.337
20,3300,251.564,89.8576,0,0,3.36838,71.6625,3.36838,-108.337
20,3360,251.493,89.8554,0,0,3.45302,71.6606,3.45302,-108.339
20,3420,250.738,89.8631,0,0,3.46344,71.6681,3.46344,-108.332
20,3480,250.548,89.8966,0,0,3.46593,71.7006,3.46593,-108.299
20,3540,250.555,89.8924,0,0,3.466,71.6978,3.466,-108.302
21,0,251.2,89.8883,0,0,3.45711,71.6935,3.45711,-108.306
21,60,251.034,89.9259,0,0,2.7046,71.7308,2.7046,-108.269
21,120,250.303,89.9285,0,0,2.62838,71.7335,2.62838,-108.266
21,180,249.196,90.023,0,0,13.8804,71.8278,13.8804,-108.172
21,240,249.385,90.0032,0,0,13.3596,71.8097,13.3596,-108.19
21,300,249.335,90.0025,0,0,13.3618,71.8076,13.3618,-108.192
21,360,249.024,89.9465,0,0,13.8899,71.7518,13.8899,-108.248
21,420,249.023,89.9515,0,0,13.8901,71.7564,13.8901,-108.244
21,480,248.979,89.9742,0,0,14.1884,71.7779,14.1884,-108.222
21,540,248.912,89.9795,0,0,14.1921,71.7843,14.1921,-108.216
21,600,248.908,89.9786,0,0,14.1925,71.7839,14.1925,-108.216
21,660,248.835,89.9771,0,0,14.1965,71.7822,14.1965,-108.218
21,720,248.763,89.993,0,0,14.6239,71.7972,14.6239,-108.203
21,780,248.924,89.991,0,0,14.1031,71.7963,14.1031,-108.204
21,840,248.953,89.9806,0,0,13.5388,71.7863,13.5388,-108.214
21,900,248.885,89.9902,0,0,13.1194,71.7947,13.1194,-108.205
21,960,248.995,89.9665,0,0,13.114,71.773,13.114,-108.227
21,1020,248.608,89.9752,0,0,13.5566,71.7794,13.5566,-108.221
21,1080,248.617,89.9706,0,0,13.5571,71.776,13.5571,-108.224
21,1140,248.005,89.8996,0,0,13.6754,71.7049,13.6754,-108.295
21,1200,248.432,89.9272,0,0,13.5673,71.7324,13.5673,-108.268
21,1260,248.235,89.9056,0,0,13.5772,71.7115,13.5772,-108.288
21,1320,249.464,89.8712,0,0,13.5112,71.6766,13.5112,-108.323
21,1380,251.261,89.8674,0,0,1.00966,71.6726,1.00966,-108.327
21,1440,251.221,89.8415,0,0,1.00979,71.6484,1.00979,-108.352
21,1500,251.189,89.8976,0,0,1.00993,71.7002,1.00993,-108.3
21,1560,250.79,89.8653,0,0,1.01153,71.6705,1.01153,-108.329
21,1620,250.697,89.8641,0,0,1.0119,71.6691,1.0119,-108.331
21,1680,250.718,89.875,0,0,1.01184,71.6795,1.01184,-108.321
21,1740,250.693,89.884,0,0,1.43183,71.6887,1.43183,-108.311
21,1800,250.809,89.8747,0,0,1.43118,71.6806,1.43118,-108.319
21,1860,250.956,89.9535,0,0,1.54777,71.7583,1.54777,-108.242
21,1920,251.271,90.0171,0,0,1.12691,71.822,1.12691,-108.178
21,1980,251.503,90.0348,0,0,1.12593,71.8387,1.12593,-108.161
21,2040,251.304,89.9986,0,0,1.12675,71.8038,1.12675,-108.196
21,2100,250.614,90.0064,0,0,1.12985,71.8114,1.12985,-108.189
21,2160,250.67,89.9916,0,0,1.1296,71.798,1.1296,-108.202
21,2220,250.597,89.9921,0,0,1.12992,71.7971,1.12992,-108.203
21,2280,250.934,89.9168,0,0,1.12841,71.7222,1.12841,-108.278
21,2340,250.909,89.9124,0,0,1.12852,71.7178,1.12852,-108.282
21,2400,250.841,89.9166,0,0,1.12883,71.7215,1.12883,-108.279
21,2460,251.255,89.8656,0,0,1.12698,71.6712,1.12698,-108.329
21,2520,251.087,89.8504,0,0,1.12769,71.6565,1.12769,-108.344
21,2580,251.082,89.7937,0,0,1.12775,71.5991,1.12775,-108.401
21,2640,250.824,89.7536,0,0,1.1289,71.5588,1.1289,-108.441
21,2700,249.251,89.7881,0,0,13.6407,71.593,13.6407,-108.407
21,2760,249.32,89.8212,0,0,13.6372,71.6242,13.6372,-108.376
21,2820,249.336,89.8192,0,0,13.6363,71.6246,13.6363,-108.375
21,2880,249.293,89.8305,0,0,13.6385,71.6348,13.6385,-108.365
21,2940,249.388,89.7818,0,0,13.6334,71.5872,13.6334,-108.413
21,3000,249.377,89.8005,0,0,14.0814,71.6044,14.0814,-108.396
21,3060,249.431,89.7905,0,0,14.8253,71.596,14.8253,-108.404
21,3120,249.451,89.7202,0,0,14.8241,71.5256,14.8241,-108.474
21,3180,249.351,89.7097,0,0,14.9987,71.5153,14.9987,-108.485
21,3240,249.505,89.7193,0,0,14.99,71.524,14.99,-108.476
21,3300,249.539,89.7272,0,0,14.9878,71.5319,14.9878,-108.468
21,3360,249.529,89.6607,0,0,15.4101,71.4661,15.4101,-108.534
21,3420,249.516,89.6498,0,0,15.4952,71.4556,15.4952,-108.544
21,3480,249.848,89.7209,0,0,15.4748,71.5259,15.4748,-108.474
21,3540,250.082,89.7995,0,0,16.218,71.6043,16.218,-108.396
22,0,250.076,89.8237,0,0,16.2183,71.6272,16.2183,-108.373
22,60,251.42,89.8471,0,0,1.72913,71.652,1.72913,-108.348
22,120,251.446,89.7615,0,0,1.72894,71.5671,1.72894,-108.433
22,180,251.462,89.7611,0,0,1.72884,71.5663,1.72884,-108.434
22,240,251.848,89.8341,0,0,1.7262,71.639,1.7262,-108.361
22,300,251.778,89.9089,0,0,2.23255,71.7137,2.23255,-108.286
22,360,251.658,89.8741,0,0,2.23356,71.6818,2.23356,-108.318
22,420,251.766,89.9037,0,0,2.23266,71.7087,2.23266,-108.291
22,480,251.736,89.9056,0,0,2.23291,71.7106,2.23291,-108.289
22,540,251.73,89.95,0,0,2.23297,71.7549,2.23297,-108.245
22,600,251.564,89.9177,0,0,2.23443,71.7229,2.23443,-108.277
22,660,251.448,89.9524,0,0,2.23542,71.7554,2.23542,-108.245
22,720,251.352,90.1243,0,0,2.23633,71.9288,2.23633,-108.071
22,780,251.457,90.1189,0,0,1.49446,71.9243,1.49446,-108.076
22,840,250.792,90.1221,0,0,1.4984,71.9271,1.4984,-108.073
22,900,250.801,90.1271,0,0,1.49837,71.9319,1.49837,-108.068
22,960,250.781,90.1177,0,0,1.49846,71.9233,1.49846,-108.077
22,1020,251.354,90.094,0,0,1.49507,71.8993,1.49507,-108.101
22,1080,251.351,90.0979,0,0,1.4951,71.9026,1.4951,-108.097
22,1140,251.07,90.0239,0,0,0.742082,71.8293,0.742082,-108.171
22,1200,250.85,89.9591,0,0,0.742733,71.7644,0.742733,-108.236
22,1260,251.033,90.0102,0,0,0.742222,71.8126,0.742222,-108.187
22,1320,251.037,90.005,0,0,0.742184,71.8104,0.742184,-108.19
22,1380,251.196,90.0194,0,0,0.234675,71.8238,0.234675,-108.176
22,1440,251.068,90.0149,0,0,0.234781,71.8202,0.234781,-108.18
22,1500,250.988,90.0026,0,0,0.234855,71.8083,0.234855,-108.192
22,1560,250.986,89.9906,0,0,0.234863,71.7965,0.234863,-108.203
22,1620,250.996,89.9996,0,0,0.234855,71.8042,0.234855,-108.196
22,1680,251.457,90.0769,0,0,0.234425,71.8819,0.234425,-108.118
22,1740,251.557,90.0764,0,0,0.234334,71.8816,0.234334,-108.118
22,1800,251.58,90.0654,0,0,0.234309,71.8714,0.234309,-108.129
22,1860,251.57,90.0438,0,0,0.234316,71.8503,0.234316,-108.15
22,1920,251.445,90.0497,0,0,0.234431,71.8544,0.234431,-108.146
22,1980,251.371,90.0535,0,0,0.2345,71.8583,0.2345,-108.142
22,2040,249.723,90.0721,0,0,0.236048,71.8771,0.236048,-108.123
22,2100,249.711,90.0683,0,0,0.236063,71.8736,0.236063,-108.126
22,2160,249.558,90.0529,0,0,0.236198,71.8587,0.236198,-108.141
22,2220,251.076,89.9693,0,0,0.234781,71.7749,0.234781,-108.225
22,2280,250.96,89.9718,0,0,0.234883,71.7766,0.234883,-108.223
22,2340,250.993,89.8397,0,0,0.234856,71.6453,0.234856,-108.355
22,2400,251.157,89.8132,0,0,0.234703,71.6185,0.234703,-108.382
22,2460,251.157,89.8153,0,0,0.234703,71.6203,0.234703,-108.38
22,2520,251.299,89.7243,0,0,0.234571,71.5299,0.234571,-108.47
22,2580,251.234,89.7784,0,0,0.234631,71.5833,0.234631,-108.417
22,2640,251.257,89.7838,0,0,0.234611,71.5885,0.234611,-108.411
22,2700,252.293,90.094,0,0,0.233654,71.8978,0.233654,-108.102
22,2760,252.412,90.0841,0,0,0.233539,71.89,0.233539,-108.11
22,2820,252.396,89.81,0,0,0.23355,71.6169,0.23355,-108.383
22,2880,251.424,89.62,0,0,0.23445,71.4257,0.23445,-108.574
22,2940,251.378,89.6198,0,0,0.234494,71.4248,0.234494,-108.575
22,3000,251.391,89.9323,0,0,0.234486,71.736,0.234486,-108.264
22,3060,251.578,89.9132,0,0,0.234316,71.7198,0.234316,-108.28
22,3120,251.567,89.9122,0,0,0.23432,71.7174,0.23432,-108.283
22,3180,251.411,89.9158,0,0,0.234465,71.7209,0.234465,-108.279
22,3240,251.438,89.9139,0,0,0.234442,71.7191,0.234442,-108.281
22,3300,251.128,89.8387,0,0,0.234729,71.644,0.234729,-108.356
22,3360,251.074,89.8383,0,0,0.234779,71.6434,0.234779,-108.357
22,3420,251.004,89.8442,0,0,0.234843,71.6488,0.234843,-108.351
22,3480,250.972,89.8472,0,0,0.234875,71.6521,0.234875,-108.348
22,3540,250.836,89.9847,0,0,0.235003,71.7894,0.235003,-108.211
23,0,250.843,89.9761,0,0,0.234998,71.7819,0.234998,-108.218
23,60,251.709,89.9728,0,0,0.234189,71.778,0.234189,-108.222
23,120,251.677,89.964,0,0,0.234216,71.7697,0.234216,-108.23
23,180,251.696,89.9618,0,0,0.234201,71.7671,0.234201,-108.233
23,240,251.618,89.9551,0,0,0.234269,71.7606,0.234269,-108.239
23,300,251.642,89.9408,0,0,0.234251,71.7468,0.234251,-108.253
23,360,251.691,89.9321,0,0,0.234207,71.7377,0.234207,-108.262
23,420,251.709,89.9401,0,0,0.23419,71.7447,0.23419,-108.255
23,480,251.865,89.7131,0,0,0.234043,71.5194,0.234043,-108.481
23,540,251.88,89.7052,0,0,0.23403,71.511,0.23403,-108.489
23,600,251.919,89.7005,0,0,0.233996,71.5059,0.233996,-108.494
23,660,251.745,89.9878,0,0,0.234156,71.7919,0.234156,-108.208
23,720,251.725,89.9858,0,0,0.234173,71.7911,0.234173,-108.209
23,780,251.603,89.9763,0,0,0.234282,71.782,0.234282,-108.218
23,840,251.643,89.991,0,0,0.234254,71.795,0.234254,-108.205
23,900,251.158,90.0027,0,0,0.234684,71.8064,0.234684,-108.194
23,960,251.182,90.0129,0,0,0.234682,71.8175,0.234682,-108.183
23,1020,251.065,90.009,0,0,0.234783,71.8145,0.234783,-108.186
23,1080,251.337,89.9696,0,0,0.234535,71.7749,0.234535,-108.225
23,1140,251.323,89.9741,0,0,0.234548,71.7789,0.234548,-108.221
23,1200,251.489,89.9882,0,0,0.234402,71.7923,0.234402,-108.208
23,1260,251.945,89.9856,0,0,0.233981,71.7912,0.233981,-108.209
23,1320,251.966,89.9895,0,0,0.233951,71.7943,0.233951,-108.206
23,1380,251.944,89.9817,0,0,0.233968,71.7872,0.233968,-108.213
23,1440,252.023,89.9793,0,0,0.2339,71.7847,0.2339,-108.215
23,1500,252.024,89.9777,0,0,0.233896,71.7829,0.233896,-108.217
23,1560,251.978,89.9823,0,0,0.973356,71.7871,0.973356,-108.213
23,1620,251.944,89.9955,0,0,0.973482,71.7998,0.973482,-108.2
23,1680,251.937,90.0072,0,0,0.973511,71.8116,0.973511,-108.188
23,1740,251.994,90.0075,0,0,0.973298,71.8124,0.973298,-108.188
23,1800,252.024,90.0147,0,0,0.973178,71.8194,0.973178,-108.181
23,1860,251.985,90.0256,0,0,0.973316,71.8299,0.973316,-108.17
23,1920,251.83,90.0169,0,0,0.973891,71.8227,0.973891,-108.177
23,1980,251.77,90.0119,0,0,0.974143,71.8172,0.974143,-108.183
23,2040,251.774,90.014,0,0,0.974141,71.819,0.974141,-108.181
23,2100,249.764,90.0436,0,0,0.981962,71.8484,0.981962,-108.152
23,2160,249.661,90.0392,0,0,0.982361,71.8445,0.982361,-108.156
23,2220,249.75,90.0481,0,0,0.982061,71.8525,0.982061,-108.147
23,2280,251.8,90.0266,0,0,0.97405,71.8321,0.97405,-108.168
23,2340,251.869,90.0264,0,0,0.973783,71.8316,0.973783,-108.168
23,2400,251.073,90.0269,0,0,1.73151,71.8319,1.73151,-108.168
23,2460,250.99,90.0194,0,0,1.73204,71.8247,1.73204,-108.175
23,2520,250.95,90.0074,0,0,1.73234,71.8131,1.73234,-108.187
23,2580,250.931,90.0106,0,0,1.73249,71.8155,1.73249,-108.184
23,2640,250.9,90.0172,0,0,1.7327,71.8219,1.7327,-108.178
23,2700,250.873,90.0152,0,0,1.73288,71.8204,1.73288,-108.18
23,2760,250.886,90.0039,0,0,1.7328,71.8097,1.7328,-108.19
23,2820,250.889,90.0026,0,0,1.73279,71.8078,1.73279,-108.192
23,2880,250.996,90.0034,0,0,0.989755,71.8085,0.989755,-108.192
23,2940,250.948,89.9657,0,0,0.98992,71.7731,0.98992,-108.227
23,3000,250.932,89.9659,0,0,0.989992,71.771,0.989992,-108.229
23,3060,250.962,89.9636,0,0,0.989881,71.7689,0.989881,-108.231
23,3120,250.981,89.9814,0,0,0.989795,71.7853,0.989795,-108.215
23,3180,251.027,89.9841,0,0,0.989629,71.7892,0.989629,-108.211
23,3240,251.07,89.9068,0,0,0.989447,71.7122,0.989447,-108.288
23,3300,251.067,89.9084,0,0,0.989462,71.7134,0.989462,-108.287
23,3360,251.12,89.9065,0,0,0.989261,71.7118,0.989261,-108.288
23,3420,251.121,89.9876,0,0,0.989248,71.7925,0.989248,-108.207
23,3480,251.106,89.9835,0,0,0.989302,71.7888,0.989302,-108.211
23,3540,251.082,89.9789,0,0,0.989395,71.7843,0.989395,-108.216
24,0,251.869,89.9745,0,0,0.234041,71.7798,0.234041,-108.22
