time,phase1,phase2,phase3
0,1046.9006733820522,926.6102489308928,815.4441523541591
1,1046.8970366116982,956.6734686657605,792.4048402498943
2,1116.059109836762,956.6315475424053,892.5368114247109
3,1326.3900511761583,956.5547923136,1065.834039217712
4,1386.4569730294295,1016.5989798944674,1348.5295456602125
5,1326.1962430174879,1134.9190902002597,1388.6421912776054
6,1438.377989122739,1134.8817117670142,1438.7741407378749
7,1538.678851500356,1134.8104017182468,1547.0853482914224
8,1538.6144864811783,1134.7620937621605,1699.67542737714
9,3973.961955805249,1133.8783302200632,1563.0044959239708
10,1767.7597166909343,1074.4971751093208,1732.8181079973372
11,1767.671364126384,1074.445872781081,1928.598087941547
12,1707.3984307459618,1074.4662635761642,1928.6358294852994
13,1707.3357566982475,1074.4264288086845,2054.3088364529335
14,1707.3658161277788,1074.4443533668991,1993.992346290882
15,1667.1508109544288,1074.4303869920213,2110.5036569473273
16,1666.431342088038,1174.1715663644381,4119.921195028538
17,1666.431342088038,1174.1715663644381,4119.921195028538
18,1666.4631538372998,1174.1930890286642,4054.3248561947
19,1707.3682384162228,1114.5360590911769,1984.780781349613
20,1707.3682384162228,1114.5360590911769,1984.780781349613
21,1707.3617300141075,1114.532014582348,1997.8454961120638
22,1929.9822948001492,1114.4764972885769,2014.8046600022983
23,2113.821166525426,996.0793080172168,2269.0068715793527
24,2113.6952744759556,1166.2833381317164,2393.428132008464
25,2077.417219573894,1166.253753418315,2514.267362079451
26,2077.441395392335,1166.2667534476927,2449.9851546826603
27,2077.441395392335,1166.2667534476927,2449.9851546826603
28,2196.9823950852847,1166.1698648415872,2650.87721238049
29,2196.888068625021,1226.248912205241,2781.4081060489666
30,2256.0555555243614,1166.3051007222448,2385.880104794067
31,2256.0894511021133,1126.240020267145,2365.8135150175835
32,2247.046617257115,1126.243119986443,2365.819423522417
33,2247.0303720654515,1126.2351583148106,2400.983432559214
34,2247.0503000201297,1126.245231590553,2360.792966139481
35,2246.9538793078686,1230.4287783685647,2421.009962786371
36,2367.5026481889513,1230.3766411198687,2461.128882978138
37,2367.54252875172,1230.3945246136313,2468.0985755486267
38,2367.54252875172,1230.3945246136313,2468.0985755486267
39,2356.066134162188,1230.3973086192505,2386.69652715129
40,2356.0345390355055,1230.3832699886134,2396.7282236684478
41,2355.9756682365937,1384.505087887489,2436.882421068277
42,2456.650050921731,1384.4761001370907,2389.608077266269
43,2600.5943024884773,1384.3956166480243,2396.642822489513
44,2295.342920944449,1384.4187931778856,2615.84815601227
45,2111.3525806598295,1384.4946284302382,2600.8921244431567
46,1975.591459592544,1303.4788412830817,2601.0279441786724
47,1975.591459592544,1303.4788412830817,2601.0279441786724
48,2047.2478378009725,1303.46226216905,2705.648083363496
49,2171.6709703833026,1467.7737665736722,2920.7405899031423
50,2171.6474301611893,1568.0614424589867,2836.1854695925767
51,2171.5519468324683,1700.50440809381,2836.075016780312
52,2171.577823209073,1700.5243636623459,2775.750643216126
53,2171.424121297615,1810.9612551404332,2934.501158942804
54,2085.9579681599903,1810.8620319725958,3171.176926878841
55,2458.950065192526,1964.9040502671114,3337.96935060528
56,2398.5449030804366,1964.9292168490683,3372.2502911494453
57,2398.5041569454343,2065.3350582082094,3321.810816886493
58,2649.828720819654,2324.6577664651004,3306.1403025092145
59,2649.775770923541,2324.6122887457923,3395.746421955144
60,2650.534793604588,2194.570029592888,2244.746082436589
61,2378.56603669167,2380.060740402031,2244.7674771338166
62,2260.3202369640635,2380.1879796898797,2129.2844487310135
63,2260.251969853598,2665.2764475581257,1914.1675250330195
64,2260.100254514639,2575.455936740402,2281.7241760502034
65,2260.2333227447484,2575.611367120185,2103.8773595436214
66,2376.531394832432,2575.7605062188786,1832.8823448200874
67,2191.41679865336,2694.7006471198724,1832.9241877074733
68,2119.958787710257,2594.201229591842,1833.0346755317341
69,1959.3266658867467,2461.387513085774,1833.2159382516168
70,1843.3917066546962,2461.462448341275,1669.73342196265
71,1843.489119191355,2296.265576074518,1669.8321893877903
72,1803.0943894215245,2478.122832157135,1988.765729803153
73,1893.5655062457429,2478.0861023086336,1920.4881668214502
74,1893.5655062457429,2478.0861023086336,1920.4881668214502
75,1893.5719608786749,2262.5576686747268,2111.634764412297
76,1893.626399282676,2157.887205152071,2144.6360291646242
77,2076.067059600994,2472.1235876743203,2110.0793992577846
78,2250.7157054712875,2316.9184278771195,2110.1146208034306
79,2388.3585644792765,2316.8305989953187,2110.037346190996
80,2543.746792522888,2316.7752555977086,2109.98778905217
81,2766.5227134766756,2067.464717127734,2109.994173024608
82,2729.289698127225,2067.4924541047026,2110.018457277711
83,2769.6985295206114,1867.5255871694962,2110.123948925995
84,2653.474951784232,2129.139149825127,2036.7979053099111
85,2859.9967681354387,2025.6814907413827,2036.704191174612
86,2753.343959701939,2258.2274969154737,1850.1502548789913
87,2910.41244032892,2258.103462344394,1850.0505126298838
88,3151.3158432907294,2458.3466720451115,1849.8745710918529
89,3151.3158432907294,2458.3466720451115,1849.8745710918529
90,3432.0495384533024,2458.1849509284375,1732.3611017239577
91,3616.9413455459962,2458.1032795480332,1642.0649998259817
92,3616.9413455459962,2458.1032795480332,1642.0649998259817
93,3556.308233337574,2458.1475016753084,1642.097662139719
94,3556.4226952714243,2276.4223665179834,1634.336231257596
95,3445.739902956008,2276.4705599927015,1634.3765723964298
96,3629.743898168457,2605.042863450053,1634.0875986004817
97,3589.9362048820376,2313.685475757542,1443.6462117840658
98,3634.1357872314184,2164.4728332879677,1222.1275960560345
99,3735.5410650183117,1987.7555579180125,1146.056420635599
100,3466.58349255191,1987.9118209985543,1146.1651050670928
101,3267.4683184539244,1987.8060062764407,1634.2863772797982
102,3288.7748500579664,1875.5961821995907,1526.9846302172496
103,3249.5939464360813,1875.6663998525446,1527.0500218601567
104,3261.709617663889,1875.6597041166235,1527.0442479412459
105,3273.677096365327,1972.749903150454,1697.4285678931324
106,3032.6075144730307,1972.882466471581,1697.5528328802907
107,2826.0075983728857,1783.2998633555248,1697.766135373427
108,2571.3807149150944,1551.2094304867242,1504.2904686460477
109,2207.134547964413,1551.3743375475467,1504.4554443016827
110,2368.8299104091684,1351.0904283458592,1504.432386245485
111,2344.6932039188,1351.1008273057605,1504.4433221703323
112,2463.1031838824783,1351.0743663117883,1504.4133072509246
113,2314.2708350399494,1351.1384560287138,1504.4746250662893
114,2314.204926942201,1455.434806019081,1504.426928701777
115,2314.189283324541,1455.4196398350932,1517.4703320286692
116,2307.663146108716,1313.9066087884498,1683.971599544457
117,2124.176210584711,1313.9910920558664,1577.6681634983772
118,2153.675617794769,1291.8369634057285,1577.657454692962
119,2153.565604602994,1424.229495430958,1559.5810494916673
120,1630.9972180037162,1424.4051056514804,1681.234741845669
121,1631.049308494639,1563.8022372977118,1405.4361469534185
122,1957.12229021826,1563.6823705466188,1405.324791540617
123,2129.02726479561,1466.476251681504,1405.2627841263825
124,2129.02726479561,1466.476251681504,1405.2627841263825
125,2128.896339961912,1466.3869961539995,1619.9652182394593
126,2128.896339961912,1466.3869961539995,1619.9652182394593
127,2128.896339961912,1466.3869961539995,1619.9652182394593
128,2128.759139107061,1466.286097345403,1808.7768665332205
129,2128.5303178794825,1794.636443488248,1808.5647960639271
130,1654.7763313582145,1794.7610265122944,1986.6377432665645
131,1796.2767871495544,1965.187219504597,2076.781684102933
132,1796.271295473595,1860.6749905907325,2240.4875209418087
133,1987.2144939988502,2015.0264307078291,2231.297297908021
134,2148.052809835363,2014.9051211119104,2231.172684547594
135,2148.052809835363,2014.9051211119104,2231.172684547594
136,2023.4382428486108,2014.9863247305598,2231.2629104314933
137,2023.5255056672177,1882.3997264993195,2231.363817531251
138,2023.5351329192906,1994.7962442677172,2144.811440255542
139,2023.6877565423326,1994.933316257205,1881.67598085025
140,1920.2130016995236,1830.258631495582,1881.8407829002604
141,2087.192351238193,1844.9887628388724,1881.7764568833768
142,2087.071454972186,1844.8978835374942,2062.650870749591
143,2209.3971879802034,2021.5143745569512,2062.469216135121
144,1986.5570854396478,2203.370354111721,2062.456284278437
145,1854.7185935382072,2350.235152336195,2062.4684421667303
146,1970.7338457214967,2634.9684603993464,1898.7302714795142
147,2257.1043345750786,2634.6246383587113,2057.027057710178
148,2095.9867509489845,2834.9451336734537,2218.7064656630178
149,2096.132899578257,2679.860339462414,2128.5138106804393
150,2252.4578062508563,2679.9980686315103,1939.554403643776
151,2333.12272378422,2505.8881383003977,1939.6126171131225
152,2333.1762134625956,2606.583422561529,1761.8237562742356
153,2660.4577937141557,2435.581868227668,1761.7204973901796
154,2660.4577937141557,2435.581868227668,1761.7204973901796
155,2469.2926610521845,2281.2998375207976,1545.157372688904
156,2630.2052391912785,2287.4141392413167,1545.0617411649137
157,2630.281865470626,2287.483400294625,1440.784322132544
158,2630.281865470626,2287.483400294625,1440.784322132544
159,2774.273368509493,2287.121354736051,1848.8599495012554
160,2814.4635455747984,2287.216303197522,1647.296382212737
161,2524.576178652732,2133.0412956023747,1754.8358762748917
162,2524.7158804131395,2133.1714969210066,1574.2437064771034
163,2584.5805848515292,2580.975018462545,1574.089194271589
164,2468.4948744901576,2471.255247546623,1574.1585298217146
165,2556.0506049138758,2147.4001749070594,1574.288501346054
166,2555.906547341065,2355.927833938581,1718.6263011823482
167,2308.527347370768,2505.4816615482205,1560.2773565129864
168,2408.3537947518994,2330.6184690223263,1398.8467551563597
169,2290.6322634598955,2475.563999963114,1398.8199061373589
170,2290.8379952428804,2175.1464022036653,1398.9474694742566
171,2231.104409461545,2362.357581675854,1398.907549477758
172,2074.913959118413,2362.382958506479,1398.9220119749416
173,2070.6742208741907,2362.4025450313443,1398.9289780524343
174,2232.361306516029,2243.766659264473,1398.9289328921404
175,2553.977928650042,2243.6019987553,1398.814322748581
176,2553.900561145951,2243.5447646323432,1530.1074745299331
177,2728.660122282285,2243.4718343272216,1530.0504583622835
178,2657.78755826409,2243.567703098456,1530.1146220364972
179,2657.874462854533,2243.6503228628694,1422.8171535643205
180,2764.3710773345742,2243.4784087810976,1616.3735231508958
181,2580.507534163756,2094.4858018259415,1208.516723477489
182,2645.4347284787673,2183.7908764686526,1360.7916140696568
183,2830.1319055755903,2183.576802238002,1573.3077578133275
184,2900.1563128867565,2183.497644481766,1743.7307927674378
185,2900.39643942725,1736.1187429319393,1743.8896666081098
186,2932.6304896084944,1736.1177955944222,1716.8260197732127
187,2719.4307423315663,1736.147315705413,1823.3153040145125
188,2719.5015613621363,1346.0516712959948,2006.201791555928
189,2596.0924701177437,1201.6346893325394,2006.3493515464638
190,2730.1869123517304,1201.5614074330842,2006.2384676232484
191,2953.140759112977,1201.466380409308,2121.6808561012226
192,2953.140759112977,1201.466380409308,2121.6808561012226
193,3244.0560162439338,1014.9323488671794,2121.652774804954
194,3082.354281768087,1015.037472251579,1927.8390445769865
195,3067.2326613155574,1169.3660968329937,1987.9982032962328
196,3057.1894371153344,1169.356711388978,1978.0699737061975
197,2684.143847991882,1334.0223912381994,1765.2561407991539
198,2778.35034152413,1334.0643192759387,1594.8003847021805
199,2778.3056124897107,1334.0405668061026,1650.0106116329046
200,2778.2120229758048,1244.7084437013816,1838.9089865802741
201,2844.4171587778633,1353.9482150502326,2029.8721811974333
202,2844.525842008455,1354.0036317151491,1877.2125330026308
203,3024.2364052433013,1353.9622549700398,1877.1555010773545
204,2697.820104091363,1599.9642454635273,2065.069523028954
205,2544.2099038242877,1600.0864843501881,1958.5656818557368
206,2542.06754318176,1598.4372148205218,5059.470948949768
207,2541.9853105338984,1598.3823991215568,5227.06508422502
208,2541.902447919483,1598.3210949452528,5338.608708081929
209,2541.9763874074656,1598.3750635142005,5221.95061821405
210,2541.8343657210617,1779.820846177537,5256.468891897646
211,2423.3982391761024,1779.7482000602906,5440.06372209001
212,2222.8698985448964,1779.7481839433988,5604.9706112386375
213,2160.8718546311584,1876.7892687196638,5645.630463573682
214,2160.9799301855564,1876.8877776685333,5481.420425786538
215,2029.4138263771376,1868.7358661108833,5583.7901556513625
216,1969.3591634550771,1868.7434729501922,5583.812899133499
217,1766.81893932056,2001.3471968549843,5583.955646608672
218,1766.703451254317,2346.5764187903505,5529.316645113633
219,1766.7603974730036,2249.0088427495757,5529.543444262832
220,1766.668458191259,2448.9074704971326,5529.125253183092
221,1933.165529012183,2448.7607773573845,5535.886795861455
222,2074.8706544617276,2344.217261845782,5378.843071044819
223,1944.1292997621945,2518.343030030742,5325.089096671912
224,1944.26867394002,2376.6403282225147,5219.783263662557
225,1764.9948699371262,2530.99381441841,5219.856296477943
226,1865.9761886854128,2533.4361947057505,1948.183952334895
227,1804.6419969402343,2652.3071603762173,1948.1553010305026
228,1739.5794400999216,2652.319000639541,1948.1636959550808
229,1739.6347054719581,2652.405983099113,1781.6730778226356
230,1739.58528496855,2753.0490726533344,1781.6156573172261
231,1739.6948481407485,2655.9633716419457,1600.8427756320891
232,1739.8876953059478,2473.9927555041804,1384.228977943333
233,1739.8070893614597,2726.111813679822,1384.1527671823435
234,1739.6819183671448,2830.7218643943834,1585.581470143732
235,2055.904315228027,2550.591329588573,1605.6737168780614
236,2055.8213700137935,2550.48671160213,1777.2246346754976
237,2318.1898089926785,2550.291464295676,1777.101201714198
238,2474.4822319651826,2782.943023188319,1595.4474673071122
239,2514.6233031099528,2783.024715154351,1488.0699916029682
240,2834.9573966241696,2637.5046502905925,1435.661477114173
241,2852.1319698172847,2460.613551800411,1435.7341208083658
242,2710.0819406773317,2410.1673222897707,1435.8546943184522
243,2709.7872028173306,2769.993153231122,1435.6912829762396
244,2610.1727061186607,2770.0684456989125,1435.734075805307
245,2510.8423306191003,2323.1884737311443,1526.1179984460903
246,2810.647519074154,2323.1035210725104,1526.0591083203358
247,3016.8650225763317,2322.8360349247982,1747.6088491622074
248,3016.7791281065893,2409.4692636910986,1747.558356110319
249,3016.7791281065893,2409.4692636910986,1747.558356110319
250,3016.688920268276,2498.8683894114993,1747.511065926098
251,3123.477004448859,2386.419327812231,1747.5022996117686
252,3284.7613915668503,2281.8483342502745,1747.4743779071525
253,3163.7828690345327,2142.4097563156547,1960.3699590796405
254,2956.123015382947,2142.530495967913,1960.488919200025
255,2955.8858690554057,2252.007569599061,2143.170411292561
256,2955.9532208864002,2102.755965329029,2003.8943657633085
257,2759.8111100937963,2102.8067660314323,2121.424961483837
258,2759.8111100937963,2102.8067660314323,2121.424961483837
259,2537.318217482859,2102.876867713307,2292.222817622006
260,2195.0084787882333,1870.5258914603844,2292.342061282023
261,2393.0369486737227,1870.4233339904501,2292.211853934757
262,2175.0498446921806,1670.3251297657046,2105.6880187876136
263,2115.9886115251184,1525.7319688654866,1990.2825988204859
264,2494.8137216202754,1525.4216011967321,2100.6138941210097
265,2495.1206812037967,1310.7935934648153,1948.0876970680984
266,2718.106361098895,1310.7316894389123,1947.9956681297301
267,2718.2798639724983,1310.8099886433201,1735.170432926797
268,2718.271291572136,1221.556431889042,1879.6586082113686
269,2605.546567958689,1221.607603423594,1953.0880374936783
270,2724.227946017044,1035.1148476644248,1865.7076160030256
271,2723.978890507351,1303.8420761993302,1865.533050333642
272,2723.7097070947584,1445.1745803448334,2046.2442844270308
273,2723.789500147456,1468.2511560120333,1875.681072441463
274,2562.580222528024,1468.2868507228704,2034.295355187676
275,2562.4913482982834,1468.2330858715038,2131.8809120864835
276,2622.8486980853418,1468.2028737965536,2131.8414593170096
277,2927.130713059913,1468.1202770740351,1948.8715388072105
278,2752.672174891113,1622.9054367365507,1948.873780534705
279,2894.2070156547634,1804.491811198542,1948.7061683667011
280,2894.2070156547634,1804.491811198542,1948.7061683667011
281,2769.2171900442027,1804.4840644535132,2110.476716574521
282,2666.86414830902,1804.6065393037256,2000.0407111340537
283,2268.1649980238944,1804.776633562583,2000.2227062014322
284,2376.6976672193287,1959.1376415214158,2000.0831837573626
285,2376.6976672193287,1959.1376415214158,2000.0831837573626
286,2394.692836733781,2113.3106305247184,2163.6227521477454
287,2294.158499175377,2113.439892008888,2059.200203158892
288,2013.4615454636782,2288.546708464586,1808.2334510748638
289,2013.5504631737226,2183.873210985126,1771.2244546786278
290,2116.8917417511893,2428.158124637849,1871.4548312791906
291,2117.112456362851,2392.732781948143,1680.7055427048551
292,2117.2745091693814,2250.9562929958292,1666.5939413125734
293,2296.804240414621,2232.7096706794887,1666.5559973691618
294,2488.120552500077,2232.5638019832068,1629.4628785903305
295,2488.109287076946,2246.6362174150736,1629.455148078054
296,2548.4293403810534,2423.5523712435142,1629.3307352795398
297,2647.961617415789,2554.2883946237157,1629.2113887971789
298,2647.853519676849,2700.097345022125,1629.137529961142
299,2222.448091270401,2801.070358432191,1629.283547390499
300,2029.4077842563493,2801.3438968295472,1465.9931777577747
301,2029.622448752725,2619.3132386363345,1304.6801544616662
302,2088.1219930005013,2619.2608568366413,1304.6633160424094
303,2087.995098674556,2809.6708466717273,1304.5734893181495
304,2203.8813229885573,3125.709063758603,1419.7060517476912
305,2203.9279122366756,3055.1160389499096,1419.7415422268282
306,2203.8907433423965,2806.320752841293,1621.2467621594442
307,2223.98128782639,2806.2502255599748,1711.4656934678046
308,2120.2617430821606,2806.2358543227706,1818.9301277376358
309,2316.0535049730843,2708.828211883764,1844.9591817859582
310,2079.7090734144927,2533.720395754486,1983.807876848415
311,2079.7627676061375,2533.7956931765657,1896.4079263937192
312,2221.771249757691,2359.6204597279916,1774.9271409434054
313,2221.8183512485502,2325.1214476303503,1774.9699302351712
314,2328.4685249836925,2325.2093060082943,1508.1424567798301
315,2049.5912706691975,2206.716831189944,1508.2936460816525
316,2076.388119316478,2316.4793427306786,1508.225497604705
317,2076.3400674028435,2355.4563096131037,1625.535962469377
318,1977.021237648363,2118.111697791027,1665.8664146435794
319,1976.9421334978242,2118.017687983096,1797.4024548395469
320,1976.9761199279208,1918.0081155444332,1939.0515049879195
321,1976.9761199279208,1918.0081155444332,1939.0515049879195
322,1899.9386407462628,1917.9500057939345,1954.1548573127993
323,2022.2598843093622,1917.8233568884984,2075.717730111064
324,2022.326666926768,1773.0719131654107,2136.1427503329473
325,2022.4228557809222,1583.2824937257674,2189.593735030087
326,2195.8178883864616,1412.0732158504607,4047.9602293127805
327,2356.380632518859,1612.0987845835377,4261.9614535104465
328,2474.7913562265035,1761.3068070291288,4059.0784366976
329,2601.0273692491905,1762.1022452046402,2188.3622977458313
330,2601.3338998820636,1762.2697237158368,1788.4926622374046
331,2583.6680200994,1650.0023181675979,1776.4693739719546
332,2455.7681643998694,1650.0070380197474,1947.049144991678
333,4741.89748210993,1648.9423676807032,1945.6128071204464
334,4742.284924530986,1439.619210218838,1945.7486381945982
335,4926.742390651973,1439.6097801086557,1828.343490226261
336,2699.9649450402535,1440.3850611953317,2036.391867952753
337,2712.1271678045414,1301.1815010404844,2036.4463475699213
338,2900.890940604847,1301.0654275758257,2287.462815311092
339,3108.416689379187,1300.976361757237,2346.6645286657313
340,3391.597950006488,1288.7678284571625,2673.2647042273607
341,3340.7464750285044,1288.8363975320137,2460.0727172808465
342,3480.6650186093325,1139.528450624177,2971.36805124619
343,3642.0633653287764,1139.3255657759994,3508.5833658243237
344,3434.7332013714013,1139.3218042250824,3830.3763888133585
345,3434.8378292079424,1139.3514460683061,3698.4224563391963
346,3348.5820328559025,1139.4787633238889,3198.2259708788943
347,3422.1537062865923,1139.49791399775,3087.258834977513
348,3594.7864737684495,1139.4398290782738,3087.0793204476777
349,3229.127948346488,1120.601073406488,3087.2536886852863
350,3108.114821916083,1120.6076415598204,3188.136899080311
351,3108.1028166241513,1120.6037505964534,3200.2323682094616
352,3107.8156955016007,1375.1092973999191,3199.951272587124
353,2721.702469314737,1372.1265491860236,3260.9583167894943
354,2719.510703500063,3517.303076127472,3587.3894577539577
355,2719.408386836376,3618.1121401596665,3611.4310415046525
356,3123.4567252532047,3718.8146953782502,3434.4446835780254
357,3123.8842260787496,1571.57325060141,5174.379301075668
358,3124.38981562075,1713.2985467283918,4404.67991258014
359,2992.4084346450754,1907.1045966527056,4221.976672550066
360,4657.208734230977,1967.267525653955,2469.7502929752245
361,4656.8949369651655,2052.502193580286,2633.311593861617
362,4549.85306828482,2052.783790446041,2426.3755775983927
363,2433.1469775286473,2054.2082464302166,2453.3466754059937
364,2433.151654374366,2364.5520429842604,2116.4804514623956
365,2433.120527961421,2364.5138655845667,2234.862884874913
366,2493.399452728103,2424.7893595645396,2274.993795447214
367,2624.008225376567,2424.5832008254706,2375.402151287523
368,2624.091513352788,2309.720439933578,2396.542697618221
369,2425.9812581769797,2474.8873773735677,2396.5466154269143
370,2162.083203786671,2652.3215065567974,2195.6770402287448
371,2162.1537224725244,2543.3895253189203,2105.2236099633583
372,2222.527871443631,2542.465976034341,2105.264740600667
373,2222.5977735467095,2502.3256250402105,2034.9393136368365
374,2473.126870700664,2502.161381570449,1927.364686322987
375,2473.0555939449705,2749.4888431200156,1763.741824429485
376,2513.024560154106,3082.367444970949,1763.5024315984695
377,2372.2620362885305,2887.8572924345285,1879.115056692156
378,2110.0247121147363,2746.0683465121992,1839.1896405022321
379,2109.9602703630453,2745.9812827151163,1949.6315375026848
380,2114.3337767992475,2745.7742221045037,2071.1566129542575
381,2174.519525181783,2950.5425169733558,2070.9673706272124
382,2174.412136698391,3120.9623058889256,2070.8544268484534
383,2114.1664437475524,3121.144308701999,1920.3242461405712
384,2677.682037314925,3176.018508976251,1919.918131304612
385,2498.2478503247644,3176.295487373119,1755.3238131010608
386,2733.954765685812,3050.985416923333,2863.0350543529153
387,4281.4165863893795,3189.492965172764,2776.0813229522405
388,4234.466707954307,3431.2040785147246,2775.932938399841
389,4082.21132976056,3343.3507432137244,2796.262266278302
390,2361.640647580608,3345.1600807135337,2692.817529859019
391,2459.1351304836144,3214.780216041186,2627.599561864118
392,2350.7401511621265,2883.136618600806,2590.6661778637554
393,2644.0850348332997,2770.3702552479244,2639.7724665828528
394,2522.1059317566705,2782.339982742935,2948.5828007338046
395,2533.1551682059685,2782.3022240977184,2983.7726872805415
396,2571.8969052266275,2635.57381198481,5793.246910025492
397,2612.262938517443,2435.452925769438,5793.498791455402
398,2703.9482524649497,2248.2094060485706,5918.216602642312
399,2869.937297932021,2248.0071357823845,6036.3243149781565
400,3001.866100177686,2313.068678459455,6015.733080724203
401,2941.374185125699,2545.461111731824,6056.229837541891
402,2949.520885559547,2545.532693264818,5954.903205367986
403,2949.588959368735,2419.3438057471258,6140.723144714422
404,2949.6822351785486,2379.2187328857576,6049.528372311748
405,2843.093299155989,2399.3844495156222,6017.2311154785775
406,3014.5652239804494,2399.322423831851,6017.061218232405
407,3237.598418256174,2259.938898962905,5920.916379623224
408,3277.8336170294665,2319.2959496698963,5920.773678221463
409,11371.041525936218,2168.41348000343,5999.786457858778
410,11443.65931208054,1914.3531701994496,6063.515576434187
411,11548.17719130483,2128.38965624156,6196.675884439942
412,3295.8018877627874,2203.586974381245,6557.511424888709
413,3194.2964809626924,2228.686964345832,6642.858094728395
414,3338.2913122422706,2270.501301497155,10241.474895489984
415,3311.3048980086114,5327.746869561784,10200.399939674226
416,3364.2523363312193,5554.172964484054,15846.86075289776
417,3639.0140047544123,7847.281279841058,15725.75484856713
418,3438.524256379159,7889.722739767059,15300.657975487753
419,3946.841757912587,7932.8709018974605,6788.023464058531
420,4148.98493785657,5762.352787174206,6933.051703930354
421,3700.425402714174,5763.330842602272,7088.948628809882
422,3887.347152211598,5707.446788685562,7277.041834397765
423,3730.50461642974,5474.45511939664,7185.967831157227
424,5726.742101386854,5428.732097822107,7343.2153852296115
425,5748.85627091929,5489.2438628565615,7343.014804679222
426,8875.105250475763,5612.013793530153,18311.489892639274
427,6916.3236343401695,5590.084009205636,18324.42224735901
428,7317.630494746914,5629.627533413372,18250.060724821073
429,16349.706645927823,5613.491985808751,7515.1432037009145
430,16315.014874001967,5744.985615083731,7515.235142200894
431,16337.155491021107,5911.573071329303,7555.018255797697
432,9687.797710919942,5911.260432390713,7301.158510838402
433,9501.538304457905,5826.630546351937,7301.819443654031
434,9835.070894174234,5871.486567645384,4516.947940275687
435,7506.197162638211,3059.1393444259784,4746.314128100885
436,7602.121759060737,3128.8153601269214,4913.899644175597
437,7572.628660397484,2970.1842050198525,4995.985617728461
438,10494.16510187094,2986.334157383728,4908.153437210707
439,14736.134253441265,3000.291235180106,4906.541487132176
440,14745.981338905387,3360.6441753111703,4947.243843786323
441,12569.69978227755,13444.262183378742,4817.051804028145
442,10179.88529709274,13547.075450749628,4588.213247689516
443,10097.353568251117,13566.86968336344,4696.600966582257
444,10253.23924582048,3526.3770456614056,15434.087025600744
445,10252.18413589535,3474.137182870797,15656.213384060839
446,6798.188909148233,13735.520239431306,14697.287192349448
447,6979.8728125983,13978.24653826236,4038.123892696268
448,6769.223913686815,14185.298101791861,4119.36565130789
449,6754.040739040712,4086.644648634406,4400.248630251819
450,6259.210089267107,5521.834346370259,4428.919258659937
451,6262.628701565784,5467.266990525255,4297.582385976369
452,6109.336744158538,5654.363506836446,4034.4164262855106
453,6171.349239725044,4243.51805070252,4072.8634542654077
454,6180.940319511847,4092.5572750315687,3878.386227514539
455,6192.71084536306,4193.324377272402,4025.4770518468404
456,5826.81556533599,4279.895905482728,4025.781119058108
457,5983.067952045201,4393.612843755931,4364.651855238432
458,6191.471522163175,6742.415977620942,4194.2155004507695
459,5986.7611007048135,8840.678414933163,3759.2981647014376
460,5798.243706753722,8541.056035335763,3874.50367707299
461,8009.453575342792,5730.5485262763505,3935.4229015012834
462,8156.022546230053,5609.8955097175685,4028.341947161667
463,7894.377389579929,15854.104967910658,4233.918156008011
464,5616.301626206108,16006.18850159798,6341.805877060496
465,5839.7738649629055,16016.063962827597,6029.4341852337575
466,6212.6707434251675,5729.563338200939,6292.839720986878
467,6455.413342966283,5832.8448110348545,4297.4924209808805
468,6349.303582838467,5804.174069950142,9032.738181003186
469,4083.3130336949275,5732.6299831825,9181.355542912443
470,7346.2063024297195,5587.610668293415,9208.322299740446
471,7474.594200151699,5732.887577458133,10901.025219503037
472,7597.176051348206,5567.510324978926,10962.891735918256
473,7637.9206207360885,7608.937850205397,10764.487981296883
474,7798.741160003017,7860.932590512828,9097.42756549312
475,7927.538895719699,9394.027190795267,8951.185472225688
476,7827.198846047091,7457.907353064715,18281.174298898357
477,7801.831422099649,7511.791030395414,20427.838285118443
478,7907.184896305954,6104.826961711123,20259.32448184411
479,8073.474833285912,5935.072045167671,10681.267843546651
480,9949.19867812472,6021.118052332766,12825.4517697671
481,10099.939575652117,6156.868514423757,12701.407885906081
482,7963.267450760856,6068.670464478468,12804.172552812423
483,7742.468482538305,9525.599057304738,11045.005416686705
484,15349.031232619756,9465.211991688815,11201.930299220443
485,23815.18052010468,9333.028610808416,13023.780904460687
486,23766.248429956308,7610.215643230105,12933.776045351087
487,15951.189255560437,7817.15569223859,12963.155386044209
488,7826.320199581091,8368.894197217747,9867.773829054826
489,7778.3697021511325,8789.164235124863,8070.87865664312
490,4867.572347266986,8754.101817270206,8397.534561629713
491,5359.971911508883,8767.880751980229,8335.52413905359
492,15218.119411572963,9820.681303559359,8316.72697810908
493,15614.320036272107,9565.055815551828,8468.3512803921
494,16174.183011517876,9258.254999002384,11275.56648497519
495,5672.509036967476,9310.51236706148,11550.364342698445
496,13895.469158002541,9281.241699915388,11391.09636673053
497,13536.803892649561,9184.757935831498,9349.949313829578
498,13192.732217019746,8338.633914327704,9381.0472724791
499,4999.789853585218,8107.075866886369,9301.572235545294
500,4726.912207862389,8024.931193390354,9339.485608649611
501,4525.068305641153,7766.5086852500735,9492.845915178676
502,6578.086905800869,7800.615192677205,11274.60727775746
503,6970.379867378438,4933.07151175725,11189.662705476616
504,7021.060939786939,4988.919033174673,11180.639516656065
505,6918.279301661002,5076.220920341243,9804.748477970568
506,7015.38851559814,5613.045479642817,7678.418285798308
507,7374.941789324363,5653.28993552868,7554.748149110545
508,7449.797585805602,5496.570025155285,7497.300739313222
509,7605.60489555495,15864.704696762084,7325.79804364975
510,7223.492954538992,15349.424905891414,7134.375928150481
511,7222.157475297049,15526.875679969708,7267.727090365276
512,7347.617095441785,5743.466668903116,7256.710739164538
513,7845.371964921544,14210.005042579041,7120.122281748744
514,9992.96321345558,13803.422177190347,4259.759571452857
515,10355.231151480793,13998.726907404249,4450.096318248488
516,10592.498800480209,5281.326604348128,4439.324973733264
517,8456.70944496224,5200.811020624015,4482.6427580694935
518,8555.894873226822,5207.890968848134,4644.055422789382
519,9054.02204841637,8268.823414869566,4446.306003267686
520,8952.058440252391,8102.212750368775,4859.966534573123
521,8831.883001983117,10621.078483907651,4856.118895288988
522,8662.817128584216,10678.596447418066,4760.5891801347525
523,6685.511887640171,10728.40074558208,4644.793723107545
524,6466.458817110174,12832.415817303676,4606.594957604351
525,6006.781549199797,12881.469852749691,4246.356173143041
526,5994.260453011857,12854.000478496528,6843.621815695714
527,5957.496385251402,10791.045755503139,6900.337945681326
528,6134.66456180188,10857.787534665084,8610.573039394652
529,6034.862116782164,10861.683571271882,8377.89922269649
530,5843.373641029554,10691.36743451448,10319.062815722742
531,5458.536950169156,10705.664862328824,8791.529328267347
532,5458.973339363947,10195.449891596043,8869.372668022732
533,5358.161686501785,9956.98695482649,6777.405119490964
534,4902.919611705431,9912.577049486714,6607.219644503437
535,4920.08149343468,10290.418816669771,6605.945961814053
536,4918.488521477586,12149.737883390455,6603.367423684786
537,6584.153392666622,12126.652008817688,6406.875816006977
538,6584.225517179143,12085.75007510143,6396.8339293435365
539,6590.022983432364,9715.997398823962,6566.449343428934
540,4625.983642955843,11037.413990024703,8442.878343091128
541,4434.5072466074635,11052.577437625387,8518.715673736115
542,6554.950236176264,11051.685292105456,6203.627184937135
543,6507.014425883978,10881.408989150306,4160.332321614537
544,8408.720449065882,12834.624789163765,4265.6129251576
545,6091.706335362324,14996.842146045316,14931.083473507928
546,5974.045532403329,15185.803993591328,14820.658863160483
547,5874.403230846235,15072.716525032023,14844.344191870288
548,7918.705066168921,12599.544732873572,3959.943362760713
549,7908.748211522347,15640.663843813516,5016.28899269415
550,7299.369342527662,13934.91771329122,4856.9933554494155
551,7307.18230385627,13925.011430441213,6894.31460641681
552,7382.226070429213,18073.170520040516,8526.291673033593
553,6921.133604782458,18077.69514757853,8161.386836072965
554,6923.699896352713,19881.06378709092,5934.519025088455
555,6817.440137399028,22009.004880871522,6182.896371180007
556,6817.797804847449,21968.175489877827,5980.6453032749005
557,6819.863842897729,20017.109371109887,6250.411277998547
558,6971.626189064925,18382.518312336102,5965.86268769969
559,6951.2252959832485,18486.849398004735,5965.746029047477
560,6906.540427300405,18573.908304680932,5905.254741608983
561,6902.566988041438,21334.922531996082,5901.4279684972
562,6915.415885728038,21229.76563898425,5763.834696897503
563,19527.75270165597,21075.798256110593,5846.253915829644
564,17806.4592759187,21214.730250697143,5848.682066767314
565,17901.35660393399,35309.17808804715,6184.304530972126
566,5180.682003047983,35406.954884266335,6098.8814363857755
567,6268.3430517281995,37921.58533828508,5916.833955895547
568,6628.647570064657,26204.331532211487,5936.253223395475
569,6777.447047124401,23046.659429927826,6050.603457537902
570,5875.420151586709,21402.96661044858,5993.037671203097
571,5875.801574345842,21550.788646608133,5593.365493501111
572,5579.3682259533,19689.616389918167,3147.2592003724444
573,5585.348683184383,15418.052525527295,3061.2167706370496
574,5964.283042721867,15404.240074935846,3061.0076224684317
575,5966.864550401018,13433.385772494661,2769.794621616624
576,6099.85295894559,13433.073999613262,2769.73453643359
577,6103.261644742045,10628.618194637533,2607.1649549835174
578,6133.604388935749,10757.770552336195,2784.4093043335297
579,6037.281606982993,12915.353534711068,2968.8920940582207
580,6271.106293071038,14429.00546253132,2905.6234719850036
581,6331.464618838167,14341.113891257795,3098.9452352947865
582,6366.738477116804,12202.484482722513,7995.667904595802
583,6802.308031751744,10692.93451591945,9269.103158002703
584,6964.261020513633,10883.8916329041,9017.564413751605
585,9106.898420505913,10880.535505895172,7744.201920383553
586,9282.97735545759,11806.767115926308,8002.7377691012925
587,9273.458359666573,13852.451046656257,9870.155709398214
588,7135.638077268105,13863.30693545567,9876.22778936755
589,7247.356960662668,12794.499215518419,9498.081622683978
590,7404.664958935443,13029.928118306245,9274.006370334748
591,7572.264742368333,12420.911673691799,9739.783888029853
592,7424.078795249466,12436.362508006096,9934.097466428157
593,7399.861582974903,24929.413154070746,10286.74100633766
594,7293.723319600585,26980.06163515822,10111.383320581595
595,7495.429082156909,26785.250060040482,10032.47656811717
596,7289.734946776307,14376.751236205331,11765.507983684096
597,7378.864657109338,12102.80607617507,11592.181610454365
598,9162.16630164876,12698.298931789337,12083.248873723845
599,7214.3949513388525,11659.277311252858,10598.831242497703
600,4526.468194501353,11651.590626396008,10759.705125417637
601,4250.6123218768125,11641.964344996173,9361.140410284072
602,3799.385102355317,11207.164033767605,6397.864885779752
603,3799.385102355317,11207.164033767605,6397.864885779752
604,3848.395377855557,13273.912112601962,6332.680479225799
605,3519.0620526647335,10711.118192345319,6338.608761272948
606,5558.15417136804,10500.223558917798,6234.0329372275555
607,5508.318788613437,10609.434594609633,6521.8316483011295
608,5507.749882768788,10769.1819182067,6700.969659496403
609,3233.3167169434605,10966.006197964896,8878.098938170282
610,3450.540164023777,10835.652218343195,9308.490144217785
611,3510.399184931239,13302.62772357255,7119.935232210912
612,3531.432108025085,13521.727892340235,7119.380362105439
613,3532.883324152456,13465.592854648025,5511.887985262958
614,3350.7358488907275,11154.163309838455,5434.928058291296
615,3550.1269721275257,11047.113500483976,5016.079845020306
616,3626.5789159006863,11049.069084272105,7964.446683426112
617,3615.2808225001413,12903.934560191874,7957.457222549994
618,3626.8359248774905,14825.062148763303,8178.86121347498
619,3298.7031020820154,26058.791172539255,8150.254909797501
620,3300.606511431346,24005.145944937707,8157.721518379059
621,3300.565408202083,23938.399705652933,8330.063294072983
622,5825.627074253171,12818.211607081394,8249.96533836617
623,5906.892651313133,12756.191788673052,8249.83947661446
624,6007.158850799561,12756.103955240087,8249.784119659682
625,6456.152744684874,8374.263828377225,8119.860920367833
626,6443.8367811662365,8435.182816433153,8119.679397749611
627,6664.003656769604,8540.109016097213,8231.712414736878
628,6664.165337487222,8381.032274600937,8309.53804264782
629,8888.84784026213,8339.488584122544,8128.20544511106
630,8742.23265830737,8441.741521072548,7608.469485108458
631,8545.2076609775,8094.63414772062,7609.438332500673
632,5918.300046787654,8264.94454860492,8013.188184974575
633,5917.986786446848,8545.251068230387,8012.697124276722
634,5725.757739267575,8450.710559269392,8013.275679233419
635,5640.4074292496225,8271.720116988674,7686.743428290354
636,5463.29318346064,8851.02604366164,2257.468266499916
637,7108.19807186855,8740.305152619518,4323.797951476804
638,4514.779594197159,8838.501941533536,4327.139301988306
639,4671.42459114887,11931.697710194187,4321.470370494373
640,4730.8694057414805,11790.351825910477,2048.591844874061
641,2920.6280167645427,11797.106695991284,2049.7487754386225
642,2957.764446147913,11230.188999318787,3880.3958913050374
643,2845.9734530115566,11480.877493348562,14742.804038308854
644,3087.010256698185,11418.226599347747,14742.474514970489
645,2897.806071075483,9524.138266434344,12879.169103447393
646,2696.3196493536616,10100.856310156467,5370.326265121545
647,2740.8116767082884,9990.515815613202,5370.548274222954
648,2857.1529602302567,9810.818358985902,5188.591447125272
649,2857.176873295014,9993.377847673039,4998.256656104399
650,2712.335916407661,7429.10917182417,5001.6270992795235
651,2712.1672526218827,7478.274179307236,5197.011731009312
652,3017.288199268633,7257.978318769198,5356.2392741544645
653,3017.2875858052594,7259.013022222332,5356.23789954097
654,3324.0804341388857,7006.955541970827,5172.248728149369
655,7862.820918638258,6843.229173063068,5327.778213845547
656,7821.645340051182,6843.129513262518,5432.013525925145
657,7821.94711192657,6741.354346696731,5432.197097304676
658,3765.067458064971,6416.769493828433,5644.413111010363
659,3606.495290801181,3775.2910409297897,5754.835794118168
660,3424.5384502857514,3900.856166850559,5634.147832293278
661,3830.9581217460027,4280.998501761864,5633.223932513637
662,3906.563088891355,4604.519478511991,5632.376414814451
663,3992.5371697553687,4603.017031922282,6815.254230703679
664,4140.4828594670735,4569.537016999537,6696.671712911621
665,4140.6304742238035,4670.599248556253,6500.193575439871
666,4027.9485632684164,6300.841489328041,1998.1801066280684
667,14954.494896334581,6223.797818575706,4053.683798104561
668,15173.100436500737,5840.982695595771,3949.1760535937237
669,14764.894721598672,5814.960099909098,4463.684366293238
670,4271.843502285692,5784.52303267477,2418.9471770840582
671,5705.136952452754,5782.379726223521,2417.9664080257403
672,5595.8161643736585,5983.919170800067,2159.3800424264477
673,5919.143870727597,5933.439319886511,1809.9680658324137
674,4954.0956390106685,6045.42166788951,2072.0624822588743
675,9259.910014961568,6196.967486390575,1907.9414487155036
676,8859.597525686382,6136.92803588834,1862.1344939484459
677,8857.543536635563,6787.635643020996,1976.8935434147731
678,8595.125804139678,6800.3798551257605,1977.0543588962776
679,8593.642148316081,7310.974344123179,2142.9927976167032
680,10843.510419144386,7320.781555071268,1952.1489312130022
681,10985.011152356,7320.494649812779,1952.071057638063
682,10951.24440266307,6709.032548589168,1952.433580847211
683,10733.961752485468,8868.101603220448,2099.570988354309
684,10672.254491236676,7913.16943475849,2422.482106177467
685,10735.963036880634,7984.510064899196,2739.097708556892
686,10615.243110535162,5718.989969236641,10647.019419267788
687,10614.373337695912,5823.491323799524,10838.472597051004
688,10613.924907507891,5913.8154087660405,10837.942308799444
689,10766.669027262227,5779.81590617593,2750.4831849749544
690,10826.521545981619,5460.906775026963,3209.281340768847
691,10973.44266947889,5521.430512694033,3105.6411735638744
692,10791.08015693377,5411.495526099179,3227.4691076692025
693,10789.94052580916,5410.969737860198,3636.380078345089
694,14336.721036594163,6104.082430094364,3523.170437998137
695,14345.693198220471,6103.986059324863,3568.4523786199834
696,12125.611488612107,6148.156158120924,3439.2567251771843
697,13278.442673954069,6145.461106914099,3437.6293370430208
698,13101.608039623217,6264.980162278174,3437.6297925729746
699,13259.791723568422,6385.480371617876,3224.451745859827
700,10658.296914314862,6387.686463102473,3575.189202189352
701,10638.799819595832,6391.307862658528,6682.66931281492
702,10630.03982260311,9347.301280848285,6509.216997026389
703,10622.46679845221,9514.350639116406,8742.137815153883
704,10663.4402599844,9510.493174135401,8694.24713311826
705,10718.337909345437,10119.086335838509,10136.804065823877
706,10719.005205141884,10119.725899986286,9915.55996635661
707,10173.254600855427,10132.81381668163,10143.49852726316
708,10166.497649416307,9468.59213819658,8680.33828542372
709,10127.547678408242,9801.923936059547,10968.128317366645
710,10296.146430770392,9836.282410646345,8557.10803140277
711,12251.521718400112,9770.49621073628,8556.483038873088
712,12252.003799997106,9591.050753111758,8605.298959117987
713,12531.119614033456,9560.399131140104,11835.206578644798
714,12528.975413869517,9741.036228011686,11703.06764437389
715,12975.19168187698,9919.674526547182,11833.270898923674
716,12851.265703842686,9619.358567669375,11834.666718798517
717,12849.469751456301,10446.180316287617,11443.16164770535
718,12718.544097157117,10580.989233631582,13267.720214142262
719,12718.4097108248,10683.31434894189,13204.844737303381
720,12956.80912362626,9835.569745326527,7220.792723392277
721,12650.290103871504,12370.971445153169,2178.385480345101
722,12786.416257464518,9596.18654728427,2180.400293272272
723,15156.854534811446,9587.412592647626,2339.7122300979254
724,12978.440446431847,11526.130400453116,2489.4762442768674
725,12946.555609142117,11305.437587173066,2489.6816633778353
726,13504.751380279613,10928.545186351106,2837.273122405594
727,16653.321548917367,11127.10419067289,3122.393467373052
728,16644.028214573755,11471.42932560363,5005.648257088789
729,17833.332984576828,9388.569355937252,4677.194943327351
730,17971.13181496114,6208.324305664899,4331.581720761412
731,17917.34994667497,6217.334051658101,2282.3012476829845
732,18107.030863863547,6217.5753278311195,1972.4379005856074
733,18027.882330185774,6217.801382729944,1972.4853017737505
734,18212.382300292804,5767.577987251999,1972.7161537290476
735,18019.38615209348,5828.770747955844,1972.7954709584756
736,18105.80094956992,5756.889127729555,10597.444808290482
737,17598.84787389297,5657.037879560654,10599.093485641932
738,13218.769820498126,10234.060812331754,10598.896467335573
739,13243.82304914356,10232.548522807145,1973.1758025871986
740,13228.016659870094,10203.588759534612,1973.2729626017876
741,13265.215529242352,8310.027937117933,1804.5916996460685
742,10111.602643313296,8360.189801647859,1912.501621084287
743,10121.830880394331,8510.603497442082,1751.3901416228057
744,10320.65706409491,8237.736239376149,1856.454350209341
745,10561.684570180561,8237.377298460286,1739.2865099290239
746,10390.52146370931,8238.060471950012,1549.167398052251
747,7388.500994978384,8243.443506386264,1550.0794645140152
748,7556.621654431332,5356.6482531421425,1661.77309816757
749,7556.379075006366,5356.472084564217,1824.9387785226181
750,7862.79789852762,5205.486510581944,1824.8593398338987
751,10209.294396765788,5201.761363319027,2347.4723954120986
752,9922.372556353808,4891.427774427913,2541.433884768622
753,9922.325155764323,4708.997190286857,2782.3668267143225
754,4977.675473038173,2560.606147572322,2882.4444599306494
755,5098.3944675479115,2560.536205498307,2842.1055926552885
756,5221.782668897367,2701.919406256993,3028.753474711342
757,5097.8791800583185,2713.0166509346845,3028.807099352421
758,5247.3210888457115,2712.931335164185,3028.7021699946395
759,4085.6162709563955,2713.8331451053236,3059.084717197492
760,3887.015521980755,2640.01728193322,2942.491669268657
761,3704.3867363020427,2637.727680929823,5983.001401151114
762,3525.853726896614,2637.6405706826718,6084.144835024388
763,3517.3030583645195,2437.2824204901167,6134.850063192166
764,3608.874288688077,2591.244754039205,6437.432731156369
765,3608.7737371262688,2728.61793054403,6437.239487190696
766,4591.23328017075,2631.16162847314,6124.2652938916235
767,4588.6392961734655,2749.332347997459,7938.908135923065
768,4588.592053146681,2749.3097562505413,7967.393593578623
769,3583.6305950129304,2749.877773075934,7972.265951260459
770,3525.2133320394482,2673.5865693201376,6122.162928348242
771,3522.79123525718,2776.555201964704,8271.261781419906
772,3616.116890651661,2672.0938455768264,8188.184629432872
773,3484.7576175587055,2672.552693793869,7799.767421898203
774,3590.654524828727,2536.6201948290263,5653.23871697351
775,3529.8981398518026,2704.414328486848,5618.88871489081
776,3529.8942141134735,2497.3032624595317,5843.9890052832425
777,3529.898399568517,2497.3011632173084,5791.679898829523
778,3368.8065977209553,2379.105586449702,5604.460490050862
779,3369.2027193352897,2279.0411731727468,5336.342993187536
780,3370.3563693681012,4393.221870932732,2266.644012688011
781,3370.137654631213,4405.10595960718,2542.5849407761516
782,3245.252174674254,4405.456758383525,2421.042401373958
783,3576.8550286864706,2311.5522970080374,2618.5947245194825
784,3398.162347327215,2334.368540274298,2618.6552387913853
785,3576.731313649312,2314.072195897112,2631.6135540583814
786,4098.455402119007,2325.78539870616,2513.548543952745
787,4128.204048460475,2325.7539725802767,2513.5437658651913
788,4124.17548914306,2323.4770492146595,5840.15923306825
789,4152.073256210669,2498.3425012479315,5839.791826022915
790,3796.281747882901,2342.325398322545,7536.5831809864085
791,3824.5100035586656,2342.2629667399856,7523.263852024539
792,3974.5256175387426,2342.1558337324736,7522.900642470325
793,3974.8312057686185,2209.794428375787,7423.659060955621
794,4011.699818148713,2109.446252598903,7423.8425134081335
795,3719.1579225362834,2296.2760583142126,7423.635675058283
796,3555.7680323463537,2441.009072100086,7532.1276116497265
797,3838.296024557689,2517.256755254961,7531.344515202969
798,3988.825012839696,2517.28818772754,7305.674104876917
799,12427.462698148282,2459.395143137912,7094.222226290846
800,13011.099636028794,2437.868838955763,7092.999847672713
801,12794.130923563534,2805.6303346827617,6814.84054092114
802,4455.635397005886,2973.521893371474,6893.110857219908
803,4225.571619348846,2854.1564142180873,6822.059117592547
804,4093.157967525276,2854.2723949196065,6822.345813017441
805,3521.599559328015,2668.354261054237,6823.918901929577
806,3507.6541865190247,2491.5178763035265,6824.390110443742
807,3741.604855031732,2402.0786408156387,6824.359970982705
808,3745.1138313846754,2404.425596187317,3487.0116730953055
809,3744.97931120519,2404.340567710754,3658.0166059769736
810,3406.148427619994,5630.558677544132,1920.7850972910774
811,3403.6529567727985,8183.070353217998,1802.140541666356
812,3400.63591091846,8174.465428588319,5116.386900423007
813,3083.1394408696247,8437.772318803705,5246.145762998728
814,3053.091951046496,8572.934519493972,7234.680611548519
815,3173.5337952084046,8460.276362040151,7234.759263529795
816,3163.643352228546,8311.998592290709,7235.226013748477
817,3363.572962696953,8163.560571083763,5209.177684421579
818,3363.5494856741466,8198.05256502766,5209.137922245032
819,3460.56390114138,8197.462712962782,5208.857358979518
820,3485.595547199035,8209.516322055772,5302.364456508881
821,3431.7462454072092,8536.310754674403,4902.317144213379
822,3431.7462454072092,8536.310754674403,4902.317144213379
823,3431.8210169197687,8699.973679647655,4624.535332803574
824,3434.7372875183587,5627.330672899093,4734.6893305528965
825,3725.479649737125,5305.918940567215,4918.844838067347
826,3768.5976297958105,5305.5426401195455,5116.005409706386
827,3745.2244903015808,2563.52663151039,5120.456310315834
828,3745.063805413973,2603.678815804201,5272.74664204566
829,3744.7532221292167,2603.461006090859,5592.9146467734
830,3294.3703204323256,2822.8986360137906,5593.196561325518
831,3294.3215376045614,2746.321722840206,5781.27281599372
832,3292.4032750531687,2770.2166969840546,2426.931827553594
833,3277.810561351259,3144.425956700253,2712.4753572745435
834,5462.804342919516,3143.0270160079012,2982.961714863719
835,5479.472817482377,3274.170711940418,3076.4524984453333
836,5655.434450107084,5106.264445550074,3265.553286758343
837,5534.874109394559,5338.818633360102,3265.4956458652373
838,5738.67606143448,5354.387654282962,3478.631332206494
839,5542.437378534785,3521.030430368473,3491.3071853571746
840,5684.064035898264,3655.246094489733,6568.243589676696
841,5492.753181133582,6443.277910742416,3612.6416891940835
842,5492.860262963807,6616.785978974539,3286.5884405533798
843,5597.018144340695,6616.60165282016,3271.390730908785
844,5742.34535198779,6784.62201374688,3271.039505375336
845,5910.364157456002,6874.908904161104,3223.4363297557916
846,5910.199852980521,6874.67384067587,3339.121632481695
847,5779.199443215917,7147.574546866316,3155.7442394974328
848,5798.9499536831145,6990.855116222641,6483.732979601466
849,5887.367472600953,6981.6529248422285,6287.523878969725
850,4056.577256070509,7225.576021885958,6101.493140182367
851,4262.291482090762,7076.884305457223,5956.474809489014
852,4236.521613938046,7076.929395143181,5863.555571383586
853,4234.584681140267,6929.897604165852,7521.965908042198
854,4247.630460565595,6850.450031314373,7503.067133570875
855,4247.878423792538,6556.688978851282,7491.081074533626
856,4357.772311347516,6430.921853745289,5778.318871311132
857,4354.356300225199,8562.166756042929,5774.377589935749
858,4498.493767124695,8555.261987091482,5581.9266130868355
859,5013.661635157537,8361.103299529517,7839.540931599762
860,4941.8592151694165,15690.299222808228,7966.1951570731035
861,5170.4130316467945,12886.917557910183,8248.693787807706
862,5237.027062594806,12759.259992337305,6171.089901224046
863,5080.078977007609,3291.0866963888766,6203.273566537015
864,7864.931476746072,3287.617550938602,6080.6588969453705
865,7523.562532869655,6312.937663471794,6075.4253549785935
866,7405.452829781983,6246.45705938545,6063.618925266227
867,7405.911448928055,6090.004789780294,6063.934632527687
868,7422.798476744241,6096.321025713025,2598.5421521275234
869,7418.1943081850695,6092.514643890535,4770.884762896495
870,7281.282830569722,6092.867229523325,4648.980548904758
871,7115.890250919952,7864.568356439162,4499.221394655471
872,7027.661365026864,7690.020283744649,2314.32169839881
873,7028.035292284605,7547.33309316613,2314.4303393329105
874,8376.133464139824,5716.3159707297655,11512.245553728391
875,8494.036577486604,5836.585062819307,11613.248315099077
876,8392.660674903022,6056.567815307994,11478.81594651168
877,7490.677127186443,6266.734519002197,2116.1852241561783
878,7122.137605148229,6156.774893986044,2116.5583348172886
879,6817.186148700402,8477.14858697547,1953.870007354298
880,6635.627486235996,5349.485711738238,1956.1993585519872
881,6516.687936287067,5203.366120620192,2126.6541462219084
882,8791.103631751732,3108.163001575244,2028.4764333010887
883,8786.420495045564,5353.803384850811,1967.0100212345776
884,8346.39714682778,5354.649007399572,1949.3235917445004
885,5775.921888425193,5692.847287128561,2056.9975037414115
886,5779.849454001646,3482.849012009263,2058.4079326181813
887,8980.379671740931,5605.84544788141,2035.436910237179
888,8980.358500665889,5733.594825477132,1877.1148754454407
889,8979.658928277224,5784.259252492804,2098.428101367319
890,9166.940203239394,3736.3957127801095,2253.514680741878
891,9288.820908037093,3701.830252534737,2563.355118244918
892,9435.74703441444,4070.7638778173673,2563.1332727925364
893,9845.220872241787,4129.415717645949,4654.541570612787
894,9658.74483620104,3932.102608042109,4655.216217528301
895,11770.756374217575,3930.1060318978875,4350.672883875926
896,11654.065731648969,3776.856201572204,4350.742418521999
897,11716.664963673993,3716.4288798656207,4269.021013761582
898,11823.489742349759,3854.0147069073355,4141.6191382622455
899,12019.47592933679,3527.252972670358,4305.620851888641
900,11991.64187629645,5546.505559948457,9724.609634912256
901,11778.488464162387,5391.768802257031,9914.717141362169
902,11778.129766042728,5391.5984811923545,10021.334724961183
903,11786.012525448026,3367.4415616961132,9972.479326976225
904,11741.652300403039,6161.8191062895385,10144.819855116008
905,11731.35609133131,6161.734698525415,10179.796319883888
906,11699.1672502307,6161.679713223961,10241.46514828565
907,8398.86642505244,5729.255860830347,10471.894090135735
908,11613.731572293224,6038.817965713188,10451.186481095096
909,11629.045497976882,6042.73842912259,8329.678802054845
910,11506.884628529524,6205.238431152844,6058.541465720697
911,11711.21982488124,6138.02455797653,5834.9186524366905
912,11528.821832957661,6487.842092598347,5824.769438567562
913,11318.747957840313,6494.59333423488,2783.8875443750408
914,11147.606595063731,6494.068158094375,3023.7047610418663
915,10918.224061598601,6459.394345230912,2986.750283993116
916,11016.534682684764,8566.627127690615,2985.860916941303
917,11067.504092799829,9111.273061087843,3186.770941870156
918,11290.25385108782,8891.524673320504,3414.6705597719047
919,11282.334514743694,9103.288171832059,3734.9238956527097
920,11297.487201429618,9103.121193028262,3821.1588628242657
921,11497.579337573887,8599.606802742608,3881.8061106265777
922,9433.772895376305,8889.545919388864,3599.598057576161
923,9558.171298964855,8943.41127119969,3371.6751448993323
924,6778.054700728094,6351.56669695176,3377.794360867563
925,6575.338072740826,6758.998808074977,3558.6951110078876
926,6575.291945444775,7027.275593015045,3393.4763649759625
927,6467.746729470085,7042.965757691014,3182.1401397014743
928,3471.381472147701,6887.763503600659,3306.050894789937
929,3503.682846188403,6949.082138624666,3143.9382403003033
930,4153.748369521148,6597.16460625386,6085.114660513263
931,4093.2680653540524,6677.109683094055,5983.72336129795
932,4092.6979505510635,7151.500255214981,6106.292223799563
933,4092.94304710137,7164.03674834961,5891.277348260689
934,4126.130048422791,7212.833600160786,5931.556636704217
935,4255.3123265545,7200.48573879791,6094.500239489573
936,4255.3758240936795,8721.356844737888,5670.987728809267
937,4158.851832629248,8721.46860655378,5671.096084080257
938,7099.415014855022,11035.6083834278,5573.980765841201
939,6927.765827876233,9177.595276106538,5372.885460699823
940,6846.792532218029,9202.865251976704,7866.180072996401
941,10109.632666574185,8575.543209191219,7935.3908193599145
942,10141.751612240203,11588.972164331193,8023.747450583111
943,10150.784157100648,13509.260290068107,8297.912756910786
944,10227.06174024958,13737.972307063596,8075.955488865727
945,10548.477959126325,13737.324139480897,7922.308235034296
946,10556.165871795964,11203.727932266615,7805.704231980969
947,10562.531805760056,8952.001551785992,8061.394224556191
948,10435.771480553605,8952.344724369326,8102.3458476943415
949,10606.526643217567,9190.71235257231,7837.5693294317125
950,10705.773375272462,9183.29526642396,4897.925027947676
951,10895.872233579059,9182.755722588354,4897.686185861602
952,11073.186474381058,8788.209182680826,5003.860950324415
953,11264.167690644512,8591.863147462078,4908.395406965047
954,11399.94202041886,8567.51708888855,4884.428083205154
955,11126.566265390915,11037.025941327414,4955.334072156225
956,11289.40530160983,11114.482509663594,4759.201017320572
957,11515.813245689591,11601.941270252837,4758.553364085176
958,8232.15766245634,10923.504615477257,5046.834730930828
959,8010.658977416918,11092.012870453087,5370.164866703969
960,7718.61080295487,10764.273579103487,5478.427235903827
961,4655.735502796382,10885.573005755581,5365.930978861685
962,6614.519649745514,8035.876383134258,5601.779750305071
963,6654.559670530303,8449.370960316424,5720.30339982447
964,6628.2932883210615,9002.755946446174,5719.815725194799
965,4708.378133047919,8965.30304161854,5952.834619872647
966,4810.655253621012,8734.048689786665,3682.76671795049
967,4874.77870232329,11850.75067499137,3536.093940554981
968,4848.924842051824,11834.538237724539,3596.358219751092
969,4864.705542241096,11938.92047187719,3706.8249022690848
970,5113.120982006917,10781.420041107565,3881.890020543206
971,7648.70160226487,10581.52025269021,6112.189362065026
972,8090.787092943183,10629.648765613838,6084.729007438292
973,7871.821498505512,12908.133282095052,6019.312029798401
974,5669.232855036361,12861.954689929808,4228.07266498091
975,6105.060389715925,13062.308625457028,4183.116692936112
976,6393.23195365234,13447.91400355804,4182.240765604231
977,6353.218456253366,13295.120459680116,4113.887055611199
978,8680.825091144448,15679.018785494975,4014.4125670955564
979,8716.105221484688,13055.051534496273,6045.160046827491
980,8883.23656426263,13035.359401279446,5905.221749142243
981,7121.782933904889,10461.395924776387,5786.753406193269
982,7236.467009760757,10533.698218502785,3980.9378336108475
983,8871.797989779761,11205.396452873752,3968.08088069965
984,9087.873389184553,13400.858096118733,4080.086750415474
985,8869.91099747913,13651.358172062919,4039.809838502983
986,8764.495245004222,13551.807568491027,4080.2983959747953
987,8878.441082614894,13195.532298020427,4017.566737314195
988,9337.79384537021,9719.938781564058,4204.8838530782195
989,12465.96590764598,12196.695398078486,4306.569539988624
990,12889.128444961758,14581.777980923911,4436.487200906292
991,14876.855156255053,21752.98835274147,5077.986407573956
992,15021.408395698696,19831.15704341347,5138.580098853383
993,16140.185040134329,20139.125502147544,4904.719391371626
994,13810.461607984444,12929.797362024234,6936.5736919395085
995,16517.96447441097,15135.958643910522,7141.032943998401
996,16519.451489630745,15612.78325158219,6715.702935592479
997,18050.589887002327,15821.86083918067,14358.31202466887
998,17883.179501897495,14015.59413125587,14333.672756908723
999,18019.290231889343,16345.030255566337,14495.278805881262
1000,16452.183625629663,14987.53935440188,5172.190253168427
1001,16580.51924204856,14698.177707140962,5232.707669434311
1002,18806.713223073322,14327.96620069082,5487.583147314772
1003,18684.97592040269,13355.509145230884,5449.302767551625
1004,19016.103832288354,11298.696886696123,5399.057062163639
1005,16305.949641112657,13051.874818746503,5512.222562380659
1006,16260.6355110671,10804.10456134333,5336.580394406801
1007,16421.57972627634,10831.254991401904,5267.909785163538
1008,16015.711525329987,9087.230339242178,5286.543289150636
1009,12879.28704397554,9333.722776241044,5049.954006140684
1010,10604.619508233198,11955.053811443988,5008.8862322934265
1011,14061.195236335876,11925.970706303502,5168.182386100769
1012,15871.557990531357,11909.943679719425,5326.644153990411
1013,15992.053182697146,12077.60333434883,5395.789205542756
1014,15770.915207235683,12409.998449059989,5417.734232399197
1015,12431.323096425114,11877.0278442723,5423.854920717682
1016,12544.639863825603,11837.065747954442,5237.22228579897
1017,12707.541879395034,11837.334356569943,5094.2173827192655
1018,10733.25145848746,9189.865284179443,5130.953016063579
1019,13697.313287266858,9328.011251582477,5053.397502047466
1020,14000.367603438333,9874.789444920549,5073.758857714148
1021,13988.69230943502,9915.463242146707,5073.724417048961
1022,14871.529362269173,10933.367039944553,5513.925042796049
1023,13896.87910326468,12692.165117411449,5135.393051796651
1024,16539.287483782387,14535.081930276672,5352.116564696439
1025,18798.60151373625,13738.74763822023,7181.577539222809
1026,20002.24344976247,9299.142951872913,7194.106721750969
1027,19908.753888374256,7370.118723944257,8765.778431135992
1028,17394.955269096896,7393.222102621889,7081.101827912746
1029,19668.370287380854,9208.151152456096,7174.249031543193
1030,16428.752032163273,9033.971376772548,4707.2004657050775
1031,16459.784441225904,8779.16037517933,4707.090979794687
1032,16338.624464599201,7322.522803318715,5823.829886309782
1033,15558.42158253459,7379.700114588453,5825.081297291716
1034,13292.923373562464,7636.771331901518,5787.790031403828
1035,12959.151196783763,7328.950153884658,4867.2816588965015
1036,13346.838976912686,7320.550681663704,5152.129904358626
1037,13857.721333029214,7276.172261806392,5186.678487145654
1038,13717.793433548773,7116.444573664279,5287.682972116266
1039,10865.128141125471,7012.855867894225,4927.783272949034
1040,11019.483155579937,9463.403754599814,5057.758226474559
1041,11528.55105601107,9629.663713911226,5145.8404970108495
1042,13984.157295434672,9735.658286833459,5091.413654915661
1043,14360.526938602039,9796.038227971494,5171.1418295681115
1044,14019.312577421959,9921.224649587652,5354.688048974102
1045,9129.57824469569,9997.984184125744,5347.258499365963
1046,9439.437490476532,9999.51345829036,5480.689459732312
1047,12176.350283310136,12097.795518222403,5866.207734660785
1048,12200.824947507843,12249.180845022607,5637.0463149762545
1049,12774.48180374679,13445.94664510883,6060.075084444927
1050,9265.416274092078,11507.443912391653,5624.22520481141
1051,8854.428280066504,11407.857314755493,5625.189549137631
1052,8983.309646226126,9877.898895237135,5742.87893270939
1053,11289.179669870107,9418.578333429763,5878.131807464441
1054,11636.898600240193,9362.06432001829,5709.083382742729
1055,11531.738439043658,9504.354592336935,5862.366086555071
1056,9786.98201360808,9331.801148602106,5855.1859812926605
1057,9909.208593454292,9383.209157532652,6022.014881044011
1058,9889.377532081937,9492.121464377848,6025.355669385213
1059,9323.087287133923,9345.589512782544,6402.116235201464
1060,9410.991479876284,9217.099643387863,5588.026122073587
1061,9777.329748338849,9371.935817346664,6374.192078567455
1062,10428.979834949934,9229.7817284872,6373.1654373924175
1063,10179.001021834549,9332.374915894226,6286.2596503938
1064,9247.022992773265,9429.5557906205,5371.906697282178
1065,13662.314196545294,9225.668053770529,8594.267412231504
1066,14434.472508082423,9235.717604784957,8598.962451041563
1067,14698.053073473731,7030.675453957176,8765.721647657341
1068,9883.961802616615,9211.006995842832,8818.836159199542
1069,10107.924368351703,9429.481185392202,8789.347083214137
1070,10874.310716848377,9488.814652366305,9030.44498893645
1071,10732.30310029293,9611.70017300554,8726.651674225322
1072,10646.235295996812,9482.706628768141,8849.480702977555
1073,10772.330703242058,9740.22542338862,8750.673380093991
1074,11132.133063902027,9948.25652033002,8827.324324145202
1075,10625.770320913492,10010.204097467655,8885.464261282832
1076,10434.761955803557,11849.219928903804,8839.832065765548
1077,10469.956480838277,11976.752644889379,9007.861490483838
1078,10325.91903595854,11956.372189355476,9202.227818276657
1079,12943.25597789314,9527.376150041327,9201.385532169043
1080,17506.239870569643,9816.416455932931,12090.22426362698
1081,19989.126464583278,12476.667333909456,12066.176134729098
1082,20370.501865348942,14404.354296022451,11969.963396126099
1083,19519.42024330975,14325.912156658327,9922.044297660566
1084,17460.043997759418,14391.59765583068,9578.813638898466
1085,17962.357981233457,12618.581834024553,6689.439213504394
1086,17174.593988319546,12782.025451190435,6601.479333316145
1087,17199.696812065587,15641.612380882169,6199.671998269873
1088,17279.32412931522,15678.314276370347,8054.902759592174
1089,17352.1239778045,15615.085550625367,8372.519436768982
1090,17157.66643712741,15970.180687164408,8235.572349660628
1091,16587.899178068885,15841.04284094066,6170.208962716014
1092,16634.88969997064,16172.967993408614,6085.010771567425
1093,19558.70157123851,16264.853632173996,6257.112296844339
1094,19397.72440391822,16191.61725963315,6268.613641479657
1095,16758.462148363706,15782.711788589764,7365.734979695521
1096,16959.35700277976,15682.203953522763,9506.492404183547
1097,19485.39804848472,12564.160123597698,9576.737314176116
1098,19700.492249073708,14853.007508677612,9568.967860467388
1099,19698.340440267773,14903.35461569722,7259.205286446742
1100,17326.315026540356,15087.282918547442,6634.317387752899
1101,17329.123858896874,13031.260880810347,6663.747833321058
1102,17108.67024315899,12693.075092305542,6904.120888249653
1103,17489.030123049888,12899.953727404543,6943.622042656819
1104,17423.5933425207,12978.270319256244,7040.25683946171
1105,17256.6853339757,13097.935736707117,7049.682140644001
1106,17351.084757841385,15035.037713065827,8327.925039650558
1107,17317.299545735365,11558.722428525442,8268.911721923505
1108,20562.370694805813,14163.687880598894,8191.298674187197
1109,20776.14804881976,14329.250179837862,6616.542824811143
1110,20408.009978917136,14380.86860608026,6546.799278571601
1111,18678.756707083547,14326.620190908367,6368.894834915658
1112,18975.515980166536,13926.399447209078,6482.004811698181
1113,15653.978208018632,13835.252996024654,6870.530799682888
1114,15549.723127699519,13569.618659947017,7882.833124297247
1115,15427.435929930338,14233.473531448328,7853.323847284266
1116,15056.82401615024,14110.033131695405,8025.9547815184915
1117,15059.534559824535,14229.421051142104,7360.291900927507
1118,14613.74296840248,14521.619355299175,7347.386003266902
1119,14686.412437496414,14526.261353510772,9787.656003890374
1120,15122.539655124903,14327.60877066845,12680.832457573166
1121,15057.617331695674,13514.440899558274,12775.36220637428
1122,15208.32775617753,13211.537231642029,11439.130315114937
1123,15086.28912546657,13264.89243720822,13935.894367102732
1124,15189.189009211608,11046.952390519156,13735.220979233536
1125,17755.378403101764,11488.097439683133,11734.097494442212
1126,16528.269005086644,11368.18156095218,11545.432292121763
1127,18250.388688598403,11476.656467712053,11428.379398750381
1128,16215.180887160092,8885.502605570893,11758.628241735696
1129,16435.56918968912,8332.325556384469,11698.706229745669
1130,16385.430824975843,8329.09935302838,12779.578322532398
1131,15746.614004876777,8371.514849178713,12741.355941314006
1132,15936.122225340105,8552.62751463315,12720.25052880289
1133,16096.737167187735,6641.157617343395,14529.299184204066
1134,16361.791508614664,6604.482524565789,14631.580847867363
1135,16608.943519224533,6673.475192634243,14496.32511272543
1136,16949.929465940277,8897.5799799954,10589.636211199753
1137,17980.145070467643,8836.936358621027,10467.57890565076
1138,18289.328293693576,8999.13084876314,10568.797455233716
1139,18101.993925344756,7117.348962416195,10555.631458658261
1140,19135.107745246143,7070.128535281006,8010.239940720232
1141,18898.67015527917,7238.611582991825,7842.913267362832
1142,18484.264107686133,7582.348565544504,9720.546875551698
1143,13457.485989406083,7564.10810042822,9817.429047714275
1144,13537.994245677231,7839.115434074391,9471.651975308596
1145,13350.15950791824,7844.302375958399,7435.014314994675
1146,13244.55743423546,8158.401798877178,7421.978657188953
1147,13181.002014136748,7981.467390071564,9332.191185116873
1148,13320.973811854401,8087.653784680575,11534.127146009592
1149,13259.068630357722,8293.045866695347,11492.851609339752
1150,13429.788528027684,8229.018384467232,9352.62693020973
1151,13115.115627762969,8182.595844143625,11692.280342474238
1152,10540.883143799048,8268.366389050982,11676.709509853848
1153,10268.604438268138,7648.6654079418895,11772.834511576308
1154,10771.813242258959,7878.536964225592,9902.081586599354
1155,12897.59933487806,9106.402668709243,9890.021994026823
1156,14926.060329329619,9173.957132241727,10714.948094626368
1157,14587.027644057494,9186.170305661864,11179.101475655483
1158,12070.25367883653,7276.835665748455,11202.064681400316
1159,10633.471594768056,8970.430703807895,11494.920741187609
1160,11809.349746633521,12608.497530190849,11476.498207226368
1161,11728.988052936786,12340.22601059387,11518.128415603787
1162,10697.799334287232,10873.136234930382,11369.066911631284
1163,9751.939750732623,10733.481051382352,12690.262062478874
1164,9732.478883449872,10998.361068131497,10446.776505601967
1165,9506.759217489174,8038.303312125312,10522.35627660107
1166,9629.242856145745,11374.395398756522,8824.158761598119
1167,9655.559068716675,12661.270684955289,8554.463650745638
1168,10269.170632438449,12630.388730347637,8542.887600638844
1169,12844.000134048067,12983.751435828694,8494.581030350784
1170,12442.297712986863,14554.789673092611,7793.566830631555
1171,14488.103152626907,14451.822101878544,7788.679348889423
1172,14176.958208307773,14230.453984288315,7933.909385804713
1173,15008.161154164603,12060.833775331675,7797.518349568513
1174,12903.711987289033,12196.800808314958,7704.894997884545
1175,13331.766807274014,14850.093434202303,7589.780212596842
1176,13161.166797341817,14092.314129175476,7555.506150180164
1177,13074.583225661165,14349.13222785529,7345.030068816804
1178,13368.95333356396,14200.352713462902,7294.376008345818
1179,13659.592968224038,14249.796356894558,7314.321195780055
1180,13768.61602156701,14674.452601307592,4748.432789392932
1181,13355.645011319146,15062.74415989944,4798.584897969962
1182,12936.005952410202,14729.582588874659,4764.458805093518
1183,12466.217460357297,14590.854932033268,4604.145635500659
1184,12469.865132868223,14209.16543080547,4502.1227182913935
1185,13718.932005011422,14182.328520588511,4574.28733825566
1186,13763.419529378318,11098.432688551013,4579.208588869974
1187,13518.733926782179,10918.529400583591,4534.772186065558
1188,11743.446470520572,10987.642149725922,4591.456944646872
1189,11849.318780243133,11286.919331092442,4349.7494911001295
1190,13824.579116296052,11133.144761073636,7733.563221106701
1191,13762.780002961881,10654.0434164819,7892.510490686748
1192,13386.45971050498,12932.905807265186,7948.201746961836
1193,11072.804298534073,13203.601249237301,8013.3509459561565
1194,11045.202160434903,13167.352029872158,8041.375944408786
1195,11157.592173863857,10504.017533652324,7835.016926253076
1196,8857.98399131775,10338.32846307569,7707.274139257122
1197,8709.580259407912,9215.91525964401,7839.40140251408
1198,8328.24497379377,9204.057060108578,8387.174488084116
1199,11485.948411713352,9394.471172001067,8361.882763708996
1200,11814.320595902438,9912.403559543105,10988.521048678713
1201,11935.34892986157,9782.31943503268,11085.27562585823
1202,12383.254015289305,9934.628389517362,11073.618461410404
1203,12630.298941693425,10010.564205876566,11458.958045816267
1204,15066.974993506801,10278.417541812214,11726.158072419668
1205,15292.422144118911,10295.455628017766,11644.961033172229
1206,15729.486254399057,12536.818508436261,11728.357460917303
1207,13285.083625684381,12533.710225161087,13470.541206435804
1208,13443.822599119407,11098.833723496191,13489.638532468982
1209,13444.88674017368,8876.308889084994,13231.924825245358
1210,13979.611210761686,9155.571585814128,7956.4686361535805
1211,13871.261970859685,9164.382349531072,7996.3398637396
1212,13951.817798283151,8827.52634856775,7776.146616956237
1213,14421.027651314895,8942.100635169012,5496.969199557957
1214,17876.005779585405,8758.393657239607,5008.766379880384
1215,20018.698296828086,8566.570033731665,5000.684387726778
1216,20201.696956685784,8716.919630257198,5055.567858128031
1217,20092.371953941234,8601.854776176398,5216.756087429732
1218,20551.036228716377,8852.431503364838,5147.559910441567
1219,17351.93683263521,9070.674566838461,5126.404189397202
1220,16902.043438112025,10659.234794704313,4566.7035897584865
1221,16935.502291335808,10747.329212444694,4965.695821000627
1222,16677.598548052123,12546.705252948173,5064.082339799754
1223,16676.824594721238,10887.48960630994,4946.041512805473
1224,16474.649731390982,10923.007166681662,4820.4840402096015
1225,15867.053588763556,8525.615480347482,4350.336863298404
1226,15729.371549237238,8612.765521820784,6477.65955741795
1227,15472.52384899092,8816.129601982031,6462.848601682114
1228,15407.095993595169,8795.599998759179,6489.881885296483
1229,15055.09291679638,8430.40799840543,4408.976416690967
1230,15128.917174611925,8416.380916053648,4287.21830629845
1231,15255.999571430975,8095.759116562778,4395.911957119625
1232,14650.512353012831,8365.457266455367,4396.268494465742
1233,15009.500919070722,8296.224154191133,4426.969555855608
1234,9566.57755169213,8608.900394017961,4550.861745433029
1235,10099.112246729623,8728.493439759992,4755.411498643063
1236,10782.154518511845,8674.30350100271,6747.314062058566
1237,10659.473627800715,15230.085092748745,6630.543145342562
1238,10422.749925895754,15022.867987709022,6709.88345072126
1239,10099.577494127083,14977.34742514527,5094.936621903702
1240,10086.510081334423,11624.930760843654,5884.632118323402
1241,12588.99691294615,11500.018922641768,5889.702947550468
1242,12405.67340669911,11244.90479021467,5703.566071239897
1243,12616.96260085893,11237.156698516574,5763.727054102115
1244,12487.380982809289,11068.283388294698,5984.5044332059015
1245,12486.705163636834,11182.363059505029,6017.044581815968
1246,12597.641202362925,11329.11966497649,6207.732758630043
1247,12638.728741165072,11433.361735695613,6099.314856422501
1248,13008.791632564587,11471.388385853183,6250.207115606532
1249,12662.361225454426,11455.849671336218,6121.271259781978
1250,12615.078404685666,13570.173236773899,5715.6115127991525
1251,14975.85129456857,15772.7183332104,5707.1648874392995
1252,15110.796788977234,15775.127475834175,5707.088025015278
1253,15060.68594221162,13594.38511450653,5663.150412404824
1254,12334.996363113993,11300.522419293824,5532.353821698797
1255,12235.68137393371,11451.307620020625,5688.901332851699
1256,11999.81824296739,11454.555967858476,7616.755795264132
1257,9196.585531351817,10756.079516518512,7702.334315868166
1258,9220.039529232252,10900.32784353554,7636.452850458715
1259,9690.397572266425,11011.669251182142,6212.510327091038
1260,8611.285320149576,8760.520749333358,6122.9652378986575
1261,8573.675495914129,9025.128405021656,9047.79337583438
1262,10735.662044224156,8910.37196041397,11775.658321042421
1263,10736.266795516702,9276.685476046025,11255.078106390343
1264,10872.611421147138,9518.480695272043,11483.228176134278
1265,9128.543246649338,9428.80407856951,11552.993961965985
1266,9243.986028558093,9367.459137459304,11614.050170196391
1267,9294.012090792114,8885.383101383968,11676.62941151061
1268,9171.354845080248,8715.571258428743,11780.764490629062
1269,9100.929709205882,8801.401770886476,11780.725845510526
1270,9013.998143460894,9047.759968717577,12150.576153864075
1271,10045.04700474354,9044.875208371175,12477.806105599322
1272,9894.298657097153,8893.823717841744,12050.41081989708
1273,9807.440965243171,9175.931793104242,12216.206437837845
1274,9989.736355436258,9036.443989027362,12507.499638335225
1275,10051.271265298723,9756.549375752455,12294.162137805757
1276,10051.322105631292,9657.686735733974,13350.184517541424
1277,10176.66571569015,9800.591610352323,13363.62152319139
1278,10023.54027613679,12156.124764282573,15635.393780053013
1279,10703.320619389577,11675.856937492463,14582.786061193272
1280,9515.423851820291,11546.678997604447,14842.827221424568
1281,9551.976854744666,11527.523376852943,10052.332684214043
1282,11171.123552308787,11269.574258467215,6770.456997315923
1283,10777.548651755857,12006.544995808477,6792.406907106362
1284,10472.628057366448,11680.234264824356,6744.736899889809
1285,8641.77927301004,11445.325947055579,7299.891980420184
1286,8660.961116144439,11432.31872284814,7578.000459314949
1287,8753.082968980038,11078.586408038434,7514.74222624783
1288,9006.6187198248,11153.241823682998,7626.962916529257
1289,9014.011296605126,11304.877512567267,7201.385909738407
1290,10729.239683961532,9520.532056942131,7262.100778953173
1291,12833.441821499066,9340.699683161038,7273.809529525667
1292,15415.6991215668,9496.1897170415,6876.165249312344
